{
  "permissions": {
    "api": {
      "kingsroom": [
        "Query",
        "Mutation"
      ]
    },
    "storage": {
      "Venue:@model(appsync)": [
        "read"
      ],
      "Game:@model(appsync)": [
        "read"
      ],
      "GameFinancialSnapshot:@model(appsync)": [
        "create",
        "read",
        "update"
      ],
      "GameCost:@model(appsync)": [
        "create",
        "read",
        "update"
      ],
      "GameCostLineItem:@model(appsync)": [
        "create",
        "read",
        "update"
      ],
      "GameCostItem:@model(appsync)": [
        "create",
        "read",
        "update"
      ],
      "RecurringGame:@model(appsync)": [
        "read"
      ]
    }
  },
  "lambdaLayers": []
}