[
  {
    "Action": [
      "dynamodb:Query",
      "dynamodb:GetItem"
    ],
    "Resource": [
      "arn:aws:dynamodb:ap-southeast-2:*:table/Game-*-staging",
      "arn:aws:dynamodb:ap-southeast-2:*:table/Game-*-staging/index/byVenue"
    ]
  },
  {
    "Action": [
      "dynamodb:Query",
      "dynamodb:GetItem",
      "dynamodb:PutItem",
      "dynamodb:UpdateItem"
    ],
    "Resource": [
      "arn:aws:dynamodb:ap-southeast-2:*:table/VenueDetails-*-staging",
      "arn:aws:dynamodb:ap-southeast-2:*:table/VenueDetails-*-staging/index/byVenue"
    ]
  },
  {
    "Action": [
      "dynamodb:DescribeStream",
      "dynamodb:GetRecords",
      "dynamodb:GetShardIterator",
      "dynamodb:ListStreams"
    ],
    "Resource": [
      "arn:aws:dynamodb:ap-southeast-2:*:table/Game-*-staging/stream/*"
    ]
  },
  {
    "Action": [
      "cloudwatch:PutMetricData"
    ],
    "Resource": [
      "*"
    ]
  }
]