[
  {
    "Action": [
      "dynamodb:GetItem",
      "dynamodb:UpdateItem",
      "dynamodb:Query"
    ],
    "Resource": [
      "arn:aws:dynamodb:ap-southeast-2:*:table/Game-*-staging",
      "arn:aws:dynamodb:ap-southeast-2:*:table/Game-*-staging/index/*"
    ]
  },
  {
    "Action": [
      "dynamodb:GetItem",
      "dynamodb:PutItem",
      "dynamodb:Query",
      "dynamodb:Scan"
    ],
    "Resource": [
      "arn:aws:dynamodb:ap-southeast-2:*:table/Venue-*-staging",
      "arn:aws:dynamodb:ap-southeast-2:*:table/Venue-*-staging/index/*"
    ]
  },
  {
    "Action": [
      "dynamodb:Query",
      "dynamodb:UpdateItem",
      "dynamodb:BatchWriteItem",
      "dynamodb:PutItem"
    ],
    "Resource": [
      "arn:aws:dynamodb:ap-southeast-2:*:table/PlayerEntry-*-staging",
      "arn:aws:dynamodb:ap-southeast-2:*:table/PlayerEntry-*-staging/index/*"
    ]
  },
  {
    "Action": [
      "dynamodb:GetItem",
      "dynamodb:UpdateItem"
    ],
    "Resource": [
      "arn:aws:dynamodb:ap-southeast-2:*:table/Player-*-staging"
    ]
  },
  {
    "Action": [
      "dynamodb:GetItem",
      "dynamodb:PutItem",
      "dynamodb:UpdateItem",
      "dynamodb:DeleteItem",
      "dynamodb:Query"
    ],
    "Resource": [
      "arn:aws:dynamodb:ap-southeast-2:*:table/PlayerVenue-*-staging",
      "arn:aws:dynamodb:ap-southeast-2:*:table/PlayerVenue-*-staging/index/*"
    ]
  },
  {
    "Action": [
      "dynamodb:UpdateItem"
    ],
    "Resource": [
      "arn:aws:dynamodb:ap-southeast-2:*:table/PlayerSummary-*-staging"
    ]
  },
  {
    "Action": [
      "dynamodb:Query",
      "dynamodb:BatchWriteItem",
      "dynamodb:PutItem",
      "dynamodb:UpdateItem"
    ],
    "Resource": [
      "arn:aws:dynamodb:ap-southeast-2:*:table/PlayerTransaction-*-staging",
      "arn:aws:dynamodb:ap-southeast-2:*:table/PlayerTransaction-*-staging/index/*"
    ]
  },
  {
    "Action": [
      "dynamodb:Query",
      "dynamodb:BatchWriteItem",
      "dynamodb:PutItem",
      "dynamodb:UpdateItem"
    ],
    "Resource": [
      "arn:aws:dynamodb:ap-southeast-2:*:table/PlayerResult-*-staging",
      "arn:aws:dynamodb:ap-southeast-2:*:table/PlayerResult-*-staging/index/*"
    ]
  },
  {
    "Action": [
      "dynamodb:GetItem",
      "dynamodb:PutItem",
      "dynamodb:UpdateItem"
    ],
    "Resource": [
      "arn:aws:dynamodb:ap-southeast-2:*:table/BackgroundTask-*-staging"
    ]
  },
  {
    "Action": [
      "cloudwatch:PutMetricData"
    ],
    "Resource": [
      "*"
    ]
  },
  {
    "Action": [
      "sqs:ReceiveMessage",
      "sqs:DeleteMessage",
      "sqs:GetQueueAttributes",
      "sqs:SendMessage",
      "sqs:GetQueueUrl"
    ],
    "Resource": [
      "arn:aws:sqs:ap-southeast-2:495599763953:VenueReassignmentQueue.fifo",
      "arn:aws:sqs:ap-southeast-2:495599763953:VenueReassignmentQueue-DeadLetter.fifo"
    ]
  }
]