{
  "permissions": {
    "api": {
      "kingsroom": [
        "Query",
        "Mutation"
      ]
    },
    "storage": {
      "Venue:@model(appsync)": [
        "create",
        "read",
        "update"
      ],
      "VenueDetails:@model(appsync)": [
        "create",
        "read",
        "update"
      ],
      "Game:@model(appsync)": [
        "create",
        "read",
        "update"
      ],
      "Player:@model(appsync)": [
        "create",
        "read",
        "update"
      ],
      "PlayerSummary:@model(appsync)": [
        "create",
        "read",
        "update"
      ],
      "PlayerEntry:@model(appsync)": [
        "create",
        "read",
        "update"
      ],
      "PlayerResult:@model(appsync)": [
        "create",
        "read",
        "update"
      ],
      "PlayerVenue:@model(appsync)": [
        "create",
        "read",
        "update"
      ]
    }
  },
  "lambdaLayers": [],
  "environmentVariableList": [
    {
      "cloudFormationParameterName": "venueReassignmentQueueUrl",
      "environmentVariableName": "VENUE_REASSIGNMENT_QUEUE_URL"
    }
  ]
}