{
  "version": 1,
  "serviceConfiguration": {
    "apiName": "kingsroom",
    "serviceName": "AppSync",
    "defaultAuthType": {
      "mode": "AMAZON_COGNITO_USER_POOLS",
      "cognitoUserPoolId": "authkingsroomauth"
    },
    "additionalAuthTypes": [
      {
        "mode": "API_KEY",
        "expirationTime": 365,
        "apiKeyExpirationDate": "2026-11-30T19:02:34.381Z",
        "keyDescription": "KingsRoom-Guest"
      },      
      {
        "mode": "AWS_IAM"
      }
    ],
    "conflictResolution": {
      "defaultResolutionStrategy": {
        "type": "OPTIMISTIC_CONCURRENCY"
      }
    }
  }
}