[
  {
    "Action": [
      "dynamodb:Query",
      "dynamodb:Scan",
      "dynamodb:GetItem",
      "dynamodb:UpdateItem"
    ],
    "Resource": [
      "arn:aws:dynamodb:ap-southeast-2:*:table/ScraperJob-*-staging",
      "arn:aws:dynamodb:ap-southeast-2:*:table/ScraperJob-*-staging/index/byStatus"
    ]
  },
  {
    "Action": [
      "dynamodb:Scan",
      "dynamodb:GetItem",
      "dynamodb:UpdateItem"
    ],
    "Resource": [
      "arn:aws:dynamodb:ap-southeast-2:*:table/ScrapeURL-*-staging"
    ]
  },
  {
    "Action": [
      "dynamodb:Scan"
    ],
    "Resource": [
      "arn:aws:dynamodb:ap-southeast-2:*:table/ScrapeAttempt-*-staging"
    ]
  },
  {
    "Action": [
      "dynamodb:GetItem",
      "dynamodb:UpdateItem"
    ],
    "Resource": [
      "arn:aws:dynamodb:ap-southeast-2:*:table/ScraperState-*-staging"
    ]
  },
  {
    "Action": [
      "lambda:InvokeFunction"
    ],
    "Resource": [
      "arn:aws:lambda:ap-southeast-2:*:function:autoScraper-staging"
    ]
  },
  {
    "Action": [
      "cloudwatch:PutMetricData"
    ],
    "Resource": [
      "*"
    ]
  }
]