{
  "permissions": {
    "api": {
      "kingsroom": [
        "Query",
        "Mutation"
      ]
    },
    "function": {
      "autoScraper": [
        "create",
        "read",
        "update"
      ],
      "webScraperFunction": [
        "create",
        "read",
        "update"
      ]
    },
    "storage": {
      "ScraperState:@model(appsync)": [
        "create",
        "read",
        "update"
      ],
      "Venue:@model(appsync)": [
        "read"
      ],
      "Game:@model(appsync)": [
        "read"
      ],
      "ScraperJob:@model(appsync)": [
        "create",
        "read",
        "update"
      ],
      "ScrapeURL:@model(appsync)": [
        "create",
        "read",
        "update"
      ],
      "ScrapeAttempt:@model(appsync)": [
        "create",
        "read",
        "update"
      ]
    }
  },
  "lambdaLayers": []
}