[
  {
    "Action": [
      "dynamodb:GetItem",
      "dynamodb:PutItem",
      "dynamodb:UpdateItem",
      "dynamodb:Query",
      "dynamodb:Scan"
    ],
    "Resource": [
      "arn:aws:dynamodb:ap-southeast-2:*:table/ScrapeURL-*-staging",
      "arn:aws:dynamodb:ap-southeast-2:*:table/ScrapeURL-*-staging/index/*"
    ]
  },
  {
    "Action": [
      "dynamodb:GetItem",
      "dynamodb:PutItem",
      "dynamodb:UpdateItem",
      "dynamodb:Query"
    ],
    "Resource": [
      "arn:aws:dynamodb:ap-southeast-2:*:table/S3Storage-*-staging",
      "arn:aws:dynamodb:ap-southeast-2:*:table/S3Storage-*-staging/index/byURL",
      "arn:aws:dynamodb:ap-southeast-2:*:table/S3Storage-*-staging/index/byTournamentId",
      "arn:aws:dynamodb:ap-southeast-2:*:table/S3Storage-*-staging/index/byS3Key"
    ]
  },
  {
    "Action": [
      "dynamodb:GetItem",
      "dynamodb:PutItem",
      "dynamodb:Scan"
    ],
    "Resource": [
      "arn:aws:dynamodb:ap-southeast-2:*:table/Entity-*-staging"
    ]
  },
  {
    "Action": [
      "dynamodb:Scan"
    ],
    "Resource": [
      "arn:aws:dynamodb:ap-southeast-2:*:table/Venue-*-staging"
    ]
  },
  {
    "Action": [
      "dynamodb:Scan"
    ],
    "Resource": [
      "arn:aws:dynamodb:ap-southeast-2:*:table/TournamentSeriesTitle-*-staging"
    ]
  },
  {
    "Action": [
      "dynamodb:GetItem",
      "dynamodb:PutItem",
      "dynamodb:UpdateItem",
      "dynamodb:Query"
    ],
    "Resource": [
      "arn:aws:dynamodb:ap-southeast-2:*:table/ScrapeStructure-*-staging"
    ]
  },
  {
    "Action": [
      "s3:GetObject",
      "s3:PutObject",
      "s3:HeadObject",
      "s3:ListBucket"
    ],
    "Resource": [
      "arn:aws:s3:::pokerpro-scraper-storage",
      "arn:aws:s3:::pokerpro-scraper-storage/*"
    ]
  },
  {
    "Action": [
      "lambda:InvokeFunction"
    ],
    "Resource": [
      "arn:aws:lambda:ap-southeast-2:*:function:saveGameFunction-staging"
    ]
  },
  {
    "Action": [
      "cloudwatch:PutMetricData"
    ],
    "Resource": [
      "*"
    ]
  }
]