{
  "AWSTemplateFormatVersion": "2010-09-09",
  "Description": "{\"createdOn\":\"Mac\",\"createdBy\":\"Amplify\",\"createdWith\":\"14.2.3\",\"stackType\":\"function-Lambda\",\"metadata\":{\"whyContinueWithGen1\":\"\"}}",
  "Parameters": {
    "CloudWatchRule": {
      "Type": "String",
      "Default": "NONE",
      "Description": " Schedule Expression"
    },
    "deploymentBucketName": {
      "Type": "String"
    },
    "env": {
      "Type": "String"
    },
    "s3Key": {
      "Type": "String"
    },
    "apikingsroomGraphQLAPIIdOutput": {
      "Type": "String",
      "Default": "apikingsroomGraphQLAPIIdOutput"
    },
    "apikingsroomGraphQLAPIEndpointOutput": {
      "Type": "String",
      "Default": "apikingsroomGraphQLAPIEndpointOutput"
    },
    "playerProcessorQueueUrl": {
      "Type": "String"
    },
    "scraperS3Bucket": {
      "Type": "String"
    },
    "saveGameFunctionName": {
      "Type": "String"
    }
  },
  "Conditions": {
    "ShouldNotCreateEnvResources": {
      "Fn::Equals": [
        {
          "Ref": "env"
        },
        "NONE"
      ]
    }
  },
  "Resources": {
    "LambdaFunction": {
      "Type": "AWS::Lambda::Function",
      "Metadata": {
        "aws:asset:path": "./src",
        "aws:asset:property": "Code"
      },
      "Properties": {
        "Code": {
          "S3Bucket": {
            "Ref": "deploymentBucketName"
          },
          "S3Key": {
            "Ref": "s3Key"
          }
        },
        "Handler": "index.handler",
        "FunctionName": {
          "Fn::If": [
            "ShouldNotCreateEnvResources",
            "webScraperFunction",
            {
              "Fn::Join": [
                "",
                [
                  "webScraperFunction",
                  "-",
                  {
                    "Ref": "env"
                  }
                ]
              ]
            }
          ]
        },
        "Environment": {
          "Variables": {
            "ENV": {
              "Ref": "env"
            },
            "REGION": {
              "Ref": "AWS::Region"
            },
            "API_KINGSROOM_GRAPHQLAPIIDOUTPUT": {
              "Ref": "apikingsroomGraphQLAPIIdOutput"
            },
            "API_KINGSROOM_GRAPHQLAPIENDPOINTOUTPUT": {
              "Ref": "apikingsroomGraphQLAPIEndpointOutput"
            },
            "API_KINGSROOM_SCRAPESTRUCTURETABLE_NAME": {
              "Fn::ImportValue": {
                "Fn::Sub": "${apikingsroomGraphQLAPIIdOutput}:GetAtt:ScrapeStructureTable:Name"
              }
            },
            "API_KINGSROOM_SCRAPESTRUCTURETABLE_ARN": {
              "Fn::Join": [
                "",
                [
                  "arn:aws:dynamodb:",
                  {
                    "Ref": "AWS::Region"
                  },
                  ":",
                  {
                    "Ref": "AWS::AccountId"
                  },
                  ":table/",
                  {
                    "Fn::ImportValue": {
                      "Fn::Sub": "${apikingsroomGraphQLAPIIdOutput}:GetAtt:ScrapeStructureTable:Name"
                    }
                  }
                ]
              ]
            },
            "API_KINGSROOM_TOURNAMENTSERIESTITLETABLE_NAME": {
              "Fn::ImportValue": {
                "Fn::Sub": "${apikingsroomGraphQLAPIIdOutput}:GetAtt:TournamentSeriesTitleTable:Name"
              }
            },
            "API_KINGSROOM_TOURNAMENTSERIESTITLETABLE_ARN": {
              "Fn::Join": [
                "",
                [
                  "arn:aws:dynamodb:",
                  {
                    "Ref": "AWS::Region"
                  },
                  ":",
                  {
                    "Ref": "AWS::AccountId"
                  },
                  ":table/",
                  {
                    "Fn::ImportValue": {
                      "Fn::Sub": "${apikingsroomGraphQLAPIIdOutput}:GetAtt:TournamentSeriesTitleTable:Name"
                    }
                  }
                ]
              ]
            },
            "API_KINGSROOM_GAMETABLE_NAME": {
              "Fn::ImportValue": {
                "Fn::Sub": "${apikingsroomGraphQLAPIIdOutput}:GetAtt:GameTable:Name"
              }
            },
            "API_KINGSROOM_GAMETABLE_ARN": {
              "Fn::Join": [
                "",
                [
                  "arn:aws:dynamodb:",
                  {
                    "Ref": "AWS::Region"
                  },
                  ":",
                  {
                    "Ref": "AWS::AccountId"
                  },
                  ":table/",
                  {
                    "Fn::ImportValue": {
                      "Fn::Sub": "${apikingsroomGraphQLAPIIdOutput}:GetAtt:GameTable:Name"
                    }
                  }
                ]
              ]
            },
            "API_KINGSROOM_TOURNAMENTSTRUCTURETABLE_NAME": {
              "Fn::ImportValue": {
                "Fn::Sub": "${apikingsroomGraphQLAPIIdOutput}:GetAtt:TournamentStructureTable:Name"
              }
            },
            "API_KINGSROOM_TOURNAMENTSTRUCTURETABLE_ARN": {
              "Fn::Join": [
                "",
                [
                  "arn:aws:dynamodb:",
                  {
                    "Ref": "AWS::Region"
                  },
                  ":",
                  {
                    "Ref": "AWS::AccountId"
                  },
                  ":table/",
                  {
                    "Fn::ImportValue": {
                      "Fn::Sub": "${apikingsroomGraphQLAPIIdOutput}:GetAtt:TournamentStructureTable:Name"
                    }
                  }
                ]
              ]
            },
            "API_KINGSROOM_PLAYERTABLE_NAME": {
              "Fn::ImportValue": {
                "Fn::Sub": "${apikingsroomGraphQLAPIIdOutput}:GetAtt:PlayerTable:Name"
              }
            },
            "API_KINGSROOM_PLAYERTABLE_ARN": {
              "Fn::Join": [
                "",
                [
                  "arn:aws:dynamodb:",
                  {
                    "Ref": "AWS::Region"
                  },
                  ":",
                  {
                    "Ref": "AWS::AccountId"
                  },
                  ":table/",
                  {
                    "Fn::ImportValue": {
                      "Fn::Sub": "${apikingsroomGraphQLAPIIdOutput}:GetAtt:PlayerTable:Name"
                    }
                  }
                ]
              ]
            },
            "API_KINGSROOM_PLAYERENTRYTABLE_NAME": {
              "Fn::ImportValue": {
                "Fn::Sub": "${apikingsroomGraphQLAPIIdOutput}:GetAtt:PlayerEntryTable:Name"
              }
            },
            "API_KINGSROOM_PLAYERENTRYTABLE_ARN": {
              "Fn::Join": [
                "",
                [
                  "arn:aws:dynamodb:",
                  {
                    "Ref": "AWS::Region"
                  },
                  ":",
                  {
                    "Ref": "AWS::AccountId"
                  },
                  ":table/",
                  {
                    "Fn::ImportValue": {
                      "Fn::Sub": "${apikingsroomGraphQLAPIIdOutput}:GetAtt:PlayerEntryTable:Name"
                    }
                  }
                ]
              ]
            },
            "API_KINGSROOM_VENUETABLE_NAME": {
              "Fn::ImportValue": {
                "Fn::Sub": "${apikingsroomGraphQLAPIIdOutput}:GetAtt:VenueTable:Name"
              }
            },
            "API_KINGSROOM_VENUETABLE_ARN": {
              "Fn::Join": [
                "",
                [
                  "arn:aws:dynamodb:",
                  {
                    "Ref": "AWS::Region"
                  },
                  ":",
                  {
                    "Ref": "AWS::AccountId"
                  },
                  ":table/",
                  {
                    "Fn::ImportValue": {
                      "Fn::Sub": "${apikingsroomGraphQLAPIIdOutput}:GetAtt:VenueTable:Name"
                    }
                  }
                ]
              ]
            },
            "API_KINGSROOM_ENTITYTABLE_NAME": {
              "Fn::ImportValue": {
                "Fn::Sub": "${apikingsroomGraphQLAPIIdOutput}:GetAtt:EntityTable:Name"
              }
            },
            "API_KINGSROOM_ENTITYTABLE_ARN": {
              "Fn::Join": [
                "",
                [
                  "arn:aws:dynamodb:",
                  {
                    "Ref": "AWS::Region"
                  },
                  ":",
                  {
                    "Ref": "AWS::AccountId"
                  },
                  ":table/",
                  {
                    "Fn::ImportValue": {
                      "Fn::Sub": "${apikingsroomGraphQLAPIIdOutput}:GetAtt:EntityTable:Name"
                    }
                  }
                ]
              ]
            },
            "API_KINGSROOM_S3STORAGETABLE_NAME": {
              "Fn::ImportValue": {
                "Fn::Sub": "${apikingsroomGraphQLAPIIdOutput}:GetAtt:S3StorageTable:Name"
              }
            },
            "API_KINGSROOM_S3STORAGETABLE_ARN": {
              "Fn::Join": [
                "",
                [
                  "arn:aws:dynamodb:",
                  {
                    "Ref": "AWS::Region"
                  },
                  ":",
                  {
                    "Ref": "AWS::AccountId"
                  },
                  ":table/",
                  {
                    "Fn::ImportValue": {
                      "Fn::Sub": "${apikingsroomGraphQLAPIIdOutput}:GetAtt:S3StorageTable:Name"
                    }
                  }
                ]
              ]
            },
            "API_KINGSROOM_SCRAPERJOBTABLE_NAME": {
              "Fn::ImportValue": {
                "Fn::Sub": "${apikingsroomGraphQLAPIIdOutput}:GetAtt:ScraperJobTable:Name"
              }
            },
            "API_KINGSROOM_SCRAPERJOBTABLE_ARN": {
              "Fn::Join": [
                "",
                [
                  "arn:aws:dynamodb:",
                  {
                    "Ref": "AWS::Region"
                  },
                  ":",
                  {
                    "Ref": "AWS::AccountId"
                  },
                  ":table/",
                  {
                    "Fn::ImportValue": {
                      "Fn::Sub": "${apikingsroomGraphQLAPIIdOutput}:GetAtt:ScraperJobTable:Name"
                    }
                  }
                ]
              ]
            },
            "API_KINGSROOM_SCRAPEURLTABLE_NAME": {
              "Fn::ImportValue": {
                "Fn::Sub": "${apikingsroomGraphQLAPIIdOutput}:GetAtt:ScrapeURLTable:Name"
              }
            },
            "API_KINGSROOM_SCRAPEURLTABLE_ARN": {
              "Fn::Join": [
                "",
                [
                  "arn:aws:dynamodb:",
                  {
                    "Ref": "AWS::Region"
                  },
                  ":",
                  {
                    "Ref": "AWS::AccountId"
                  },
                  ":table/",
                  {
                    "Fn::ImportValue": {
                      "Fn::Sub": "${apikingsroomGraphQLAPIIdOutput}:GetAtt:ScrapeURLTable:Name"
                    }
                  }
                ]
              ]
            },
            "API_KINGSROOM_SCRAPEATTEMPTTABLE_NAME": {
              "Fn::ImportValue": {
                "Fn::Sub": "${apikingsroomGraphQLAPIIdOutput}:GetAtt:ScrapeAttemptTable:Name"
              }
            },
            "API_KINGSROOM_SCRAPEATTEMPTTABLE_ARN": {
              "Fn::Join": [
                "",
                [
                  "arn:aws:dynamodb:",
                  {
                    "Ref": "AWS::Region"
                  },
                  ":",
                  {
                    "Ref": "AWS::AccountId"
                  },
                  ":table/",
                  {
                    "Fn::ImportValue": {
                      "Fn::Sub": "${apikingsroomGraphQLAPIIdOutput}:GetAtt:ScrapeAttemptTable:Name"
                    }
                  }
                ]
              ]
            },
            "PLAYER_PROCESSOR_QUEUE_URL": {
              "Ref": "playerProcessorQueueUrl"
            },
            "SCRAPER_S3_BUCKET": {
              "Ref": "scraperS3Bucket"
            },
            "SAVE_GAME_FUNCTION_NAME": {
              "Ref": "saveGameFunctionName"
            }
          }
        },
        "Role": {
          "Fn::GetAtt": [
            "LambdaExecutionRole",
            "Arn"
          ]
        },
        "Runtime": "nodejs22.x",
        "Layers": [],
        "Timeout": 90,
        "MemorySize": 1024
      }
    },
    "LambdaExecutionRole": {
      "Type": "AWS::IAM::Role",
      "Properties": {
        "RoleName": {
          "Fn::If": [
            "ShouldNotCreateEnvResources",
            "kingsroomLambdaRole66e547c8",
            {
              "Fn::Join": [
                "",
                [
                  "kingsroomLambdaRole66e547c8",
                  "-",
                  {
                    "Ref": "env"
                  }
                ]
              ]
            }
          ]
        },
        "AssumeRolePolicyDocument": {
          "Version": "2012-10-17",
          "Statement": [
            {
              "Effect": "Allow",
              "Principal": {
                "Service": [
                  "lambda.amazonaws.com"
                ]
              },
              "Action": [
                "sts:AssumeRole"
              ]
            }
          ]
        }
      }
    },
    "lambdaexecutionpolicy": {
      "DependsOn": [
        "LambdaExecutionRole"
      ],
      "Type": "AWS::IAM::Policy",
      "Properties": {
        "PolicyName": "lambda-execution-policy",
        "Roles": [
          {
            "Ref": "LambdaExecutionRole"
          }
        ],
        "PolicyDocument": {
          "Version": "2012-10-17",
          "Statement": [
            {
              "Effect": "Allow",
              "Action": [
                "logs:CreateLogGroup",
                "logs:CreateLogStream",
                "logs:PutLogEvents"
              ],
              "Resource": {
                "Fn::Sub": [
                  "arn:aws:logs:${region}:${account}:log-group:/aws/lambda/${lambda}:log-stream:*",
                  {
                    "region": {
                      "Ref": "AWS::Region"
                    },
                    "account": {
                      "Ref": "AWS::AccountId"
                    },
                    "lambda": {
                      "Ref": "LambdaFunction"
                    }
                  }
                ]
              }
            }
          ]
        }
      }
    },
    "AmplifyResourcesPolicy": {
      "DependsOn": [
        "LambdaExecutionRole"
      ],
      "Type": "AWS::IAM::Policy",
      "Properties": {
        "PolicyName": "amplify-lambda-execution-policy",
        "Roles": [
          {
            "Ref": "LambdaExecutionRole"
          }
        ],
        "PolicyDocument": {
          "Version": "2012-10-17",
          "Statement": [
            {
              "Effect": "Allow",
              "Action": [
                "appsync:GraphQL"
              ],
              "Resource": [
                {
                  "Fn::Join": [
                    "",
                    [
                      "arn:aws:appsync:",
                      {
                        "Ref": "AWS::Region"
                      },
                      ":",
                      {
                        "Ref": "AWS::AccountId"
                      },
                      ":apis/",
                      {
                        "Ref": "apikingsroomGraphQLAPIIdOutput"
                      },
                      "/types/Query/*"
                    ]
                  ]
                },
                {
                  "Fn::Join": [
                    "",
                    [
                      "arn:aws:appsync:",
                      {
                        "Ref": "AWS::Region"
                      },
                      ":",
                      {
                        "Ref": "AWS::AccountId"
                      },
                      ":apis/",
                      {
                        "Ref": "apikingsroomGraphQLAPIIdOutput"
                      },
                      "/types/Mutation/*"
                    ]
                  ]
                }
              ]
            },
            {
              "Effect": "Allow",
              "Action": [
                "dynamodb:Put*",
                "dynamodb:Create*",
                "dynamodb:BatchWriteItem",
                "dynamodb:PartiQLInsert",
                "dynamodb:Get*",
                "dynamodb:BatchGetItem",
                "dynamodb:List*",
                "dynamodb:Describe*",
                "dynamodb:Scan",
                "dynamodb:Query",
                "dynamodb:PartiQLSelect",
                "dynamodb:Update*",
                "dynamodb:RestoreTable*",
                "dynamodb:PartiQLUpdate"
              ],
              "Resource": [
                {
                  "Fn::Join": [
                    "",
                    [
                      "arn:aws:dynamodb:",
                      {
                        "Ref": "AWS::Region"
                      },
                      ":",
                      {
                        "Ref": "AWS::AccountId"
                      },
                      ":table/",
                      {
                        "Fn::ImportValue": {
                          "Fn::Sub": "${apikingsroomGraphQLAPIIdOutput}:GetAtt:EntityTable:Name"
                        }
                      }
                    ]
                  ]
                },
                {
                  "Fn::Join": [
                    "",
                    [
                      "arn:aws:dynamodb:",
                      {
                        "Ref": "AWS::Region"
                      },
                      ":",
                      {
                        "Ref": "AWS::AccountId"
                      },
                      ":table/",
                      {
                        "Fn::ImportValue": {
                          "Fn::Sub": "${apikingsroomGraphQLAPIIdOutput}:GetAtt:EntityTable:Name"
                        }
                      },
                      "/index/*"
                    ]
                  ]
                }
              ]
            },
            {
              "Effect": "Allow",
              "Action": [
                "dynamodb:Put*",
                "dynamodb:Create*",
                "dynamodb:BatchWriteItem",
                "dynamodb:PartiQLInsert",
                "dynamodb:Get*",
                "dynamodb:BatchGetItem",
                "dynamodb:List*",
                "dynamodb:Describe*",
                "dynamodb:Scan",
                "dynamodb:Query",
                "dynamodb:PartiQLSelect",
                "dynamodb:Update*",
                "dynamodb:RestoreTable*",
                "dynamodb:PartiQLUpdate"
              ],
              "Resource": [
                {
                  "Fn::Join": [
                    "",
                    [
                      "arn:aws:dynamodb:",
                      {
                        "Ref": "AWS::Region"
                      },
                      ":",
                      {
                        "Ref": "AWS::AccountId"
                      },
                      ":table/",
                      {
                        "Fn::ImportValue": {
                          "Fn::Sub": "${apikingsroomGraphQLAPIIdOutput}:GetAtt:ScrapeStructureTable:Name"
                        }
                      }
                    ]
                  ]
                },
                {
                  "Fn::Join": [
                    "",
                    [
                      "arn:aws:dynamodb:",
                      {
                        "Ref": "AWS::Region"
                      },
                      ":",
                      {
                        "Ref": "AWS::AccountId"
                      },
                      ":table/",
                      {
                        "Fn::ImportValue": {
                          "Fn::Sub": "${apikingsroomGraphQLAPIIdOutput}:GetAtt:ScrapeStructureTable:Name"
                        }
                      },
                      "/index/*"
                    ]
                  ]
                }
              ]
            },
            {
              "Effect": "Allow",
              "Action": [
                "dynamodb:Get*",
                "dynamodb:BatchGetItem",
                "dynamodb:List*",
                "dynamodb:Describe*",
                "dynamodb:Scan",
                "dynamodb:Query",
                "dynamodb:PartiQLSelect"
              ],
              "Resource": [
                {
                  "Fn::Join": [
                    "",
                    [
                      "arn:aws:dynamodb:",
                      {
                        "Ref": "AWS::Region"
                      },
                      ":",
                      {
                        "Ref": "AWS::AccountId"
                      },
                      ":table/",
                      {
                        "Fn::ImportValue": {
                          "Fn::Sub": "${apikingsroomGraphQLAPIIdOutput}:GetAtt:VenueTable:Name"
                        }
                      }
                    ]
                  ]
                },
                {
                  "Fn::Join": [
                    "",
                    [
                      "arn:aws:dynamodb:",
                      {
                        "Ref": "AWS::Region"
                      },
                      ":",
                      {
                        "Ref": "AWS::AccountId"
                      },
                      ":table/",
                      {
                        "Fn::ImportValue": {
                          "Fn::Sub": "${apikingsroomGraphQLAPIIdOutput}:GetAtt:VenueTable:Name"
                        }
                      },
                      "/index/*"
                    ]
                  ]
                }
              ]
            },
            {
              "Effect": "Allow",
              "Action": [
                "dynamodb:Get*",
                "dynamodb:BatchGetItem",
                "dynamodb:List*",
                "dynamodb:Describe*",
                "dynamodb:Scan",
                "dynamodb:Query",
                "dynamodb:PartiQLSelect"
              ],
              "Resource": [
                {
                  "Fn::Join": [
                    "",
                    [
                      "arn:aws:dynamodb:",
                      {
                        "Ref": "AWS::Region"
                      },
                      ":",
                      {
                        "Ref": "AWS::AccountId"
                      },
                      ":table/",
                      {
                        "Fn::ImportValue": {
                          "Fn::Sub": "${apikingsroomGraphQLAPIIdOutput}:GetAtt:TournamentSeriesTitleTable:Name"
                        }
                      }
                    ]
                  ]
                },
                {
                  "Fn::Join": [
                    "",
                    [
                      "arn:aws:dynamodb:",
                      {
                        "Ref": "AWS::Region"
                      },
                      ":",
                      {
                        "Ref": "AWS::AccountId"
                      },
                      ":table/",
                      {
                        "Fn::ImportValue": {
                          "Fn::Sub": "${apikingsroomGraphQLAPIIdOutput}:GetAtt:TournamentSeriesTitleTable:Name"
                        }
                      },
                      "/index/*"
                    ]
                  ]
                }
              ]
            },
            {
              "Effect": "Allow",
              "Action": [
                "dynamodb:Put*",
                "dynamodb:Create*",
                "dynamodb:BatchWriteItem",
                "dynamodb:PartiQLInsert",
                "dynamodb:Get*",
                "dynamodb:BatchGetItem",
                "dynamodb:List*",
                "dynamodb:Describe*",
                "dynamodb:Scan",
                "dynamodb:Query",
                "dynamodb:PartiQLSelect",
                "dynamodb:Update*",
                "dynamodb:RestoreTable*",
                "dynamodb:PartiQLUpdate"
              ],
              "Resource": [
                {
                  "Fn::Join": [
                    "",
                    [
                      "arn:aws:dynamodb:",
                      {
                        "Ref": "AWS::Region"
                      },
                      ":",
                      {
                        "Ref": "AWS::AccountId"
                      },
                      ":table/",
                      {
                        "Fn::ImportValue": {
                          "Fn::Sub": "${apikingsroomGraphQLAPIIdOutput}:GetAtt:GameTable:Name"
                        }
                      }
                    ]
                  ]
                },
                {
                  "Fn::Join": [
                    "",
                    [
                      "arn:aws:dynamodb:",
                      {
                        "Ref": "AWS::Region"
                      },
                      ":",
                      {
                        "Ref": "AWS::AccountId"
                      },
                      ":table/",
                      {
                        "Fn::ImportValue": {
                          "Fn::Sub": "${apikingsroomGraphQLAPIIdOutput}:GetAtt:GameTable:Name"
                        }
                      },
                      "/index/*"
                    ]
                  ]
                }
              ]
            },
            {
              "Effect": "Allow",
              "Action": [
                "dynamodb:Put*",
                "dynamodb:Create*",
                "dynamodb:BatchWriteItem",
                "dynamodb:PartiQLInsert",
                "dynamodb:Get*",
                "dynamodb:BatchGetItem",
                "dynamodb:List*",
                "dynamodb:Describe*",
                "dynamodb:Scan",
                "dynamodb:Query",
                "dynamodb:PartiQLSelect",
                "dynamodb:Update*",
                "dynamodb:RestoreTable*",
                "dynamodb:PartiQLUpdate"
              ],
              "Resource": [
                {
                  "Fn::Join": [
                    "",
                    [
                      "arn:aws:dynamodb:",
                      {
                        "Ref": "AWS::Region"
                      },
                      ":",
                      {
                        "Ref": "AWS::AccountId"
                      },
                      ":table/",
                      {
                        "Fn::ImportValue": {
                          "Fn::Sub": "${apikingsroomGraphQLAPIIdOutput}:GetAtt:TournamentStructureTable:Name"
                        }
                      }
                    ]
                  ]
                },
                {
                  "Fn::Join": [
                    "",
                    [
                      "arn:aws:dynamodb:",
                      {
                        "Ref": "AWS::Region"
                      },
                      ":",
                      {
                        "Ref": "AWS::AccountId"
                      },
                      ":table/",
                      {
                        "Fn::ImportValue": {
                          "Fn::Sub": "${apikingsroomGraphQLAPIIdOutput}:GetAtt:TournamentStructureTable:Name"
                        }
                      },
                      "/index/*"
                    ]
                  ]
                }
              ]
            },
            {
              "Effect": "Allow",
              "Action": [
                "dynamodb:Put*",
                "dynamodb:Create*",
                "dynamodb:BatchWriteItem",
                "dynamodb:PartiQLInsert",
                "dynamodb:Get*",
                "dynamodb:BatchGetItem",
                "dynamodb:List*",
                "dynamodb:Describe*",
                "dynamodb:Scan",
                "dynamodb:Query",
                "dynamodb:PartiQLSelect",
                "dynamodb:Update*",
                "dynamodb:RestoreTable*",
                "dynamodb:PartiQLUpdate"
              ],
              "Resource": [
                {
                  "Fn::Join": [
                    "",
                    [
                      "arn:aws:dynamodb:",
                      {
                        "Ref": "AWS::Region"
                      },
                      ":",
                      {
                        "Ref": "AWS::AccountId"
                      },
                      ":table/",
                      {
                        "Fn::ImportValue": {
                          "Fn::Sub": "${apikingsroomGraphQLAPIIdOutput}:GetAtt:PlayerTable:Name"
                        }
                      }
                    ]
                  ]
                },
                {
                  "Fn::Join": [
                    "",
                    [
                      "arn:aws:dynamodb:",
                      {
                        "Ref": "AWS::Region"
                      },
                      ":",
                      {
                        "Ref": "AWS::AccountId"
                      },
                      ":table/",
                      {
                        "Fn::ImportValue": {
                          "Fn::Sub": "${apikingsroomGraphQLAPIIdOutput}:GetAtt:PlayerTable:Name"
                        }
                      },
                      "/index/*"
                    ]
                  ]
                }
              ]
            },
            {
              "Effect": "Allow",
              "Action": [
                "dynamodb:Put*",
                "dynamodb:Create*",
                "dynamodb:BatchWriteItem",
                "dynamodb:PartiQLInsert",
                "dynamodb:Get*",
                "dynamodb:BatchGetItem",
                "dynamodb:List*",
                "dynamodb:Describe*",
                "dynamodb:Scan",
                "dynamodb:Query",
                "dynamodb:PartiQLSelect",
                "dynamodb:Update*",
                "dynamodb:RestoreTable*",
                "dynamodb:PartiQLUpdate"
              ],
              "Resource": [
                {
                  "Fn::Join": [
                    "",
                    [
                      "arn:aws:dynamodb:",
                      {
                        "Ref": "AWS::Region"
                      },
                      ":",
                      {
                        "Ref": "AWS::AccountId"
                      },
                      ":table/",
                      {
                        "Fn::ImportValue": {
                          "Fn::Sub": "${apikingsroomGraphQLAPIIdOutput}:GetAtt:PlayerEntryTable:Name"
                        }
                      }
                    ]
                  ]
                },
                {
                  "Fn::Join": [
                    "",
                    [
                      "arn:aws:dynamodb:",
                      {
                        "Ref": "AWS::Region"
                      },
                      ":",
                      {
                        "Ref": "AWS::AccountId"
                      },
                      ":table/",
                      {
                        "Fn::ImportValue": {
                          "Fn::Sub": "${apikingsroomGraphQLAPIIdOutput}:GetAtt:PlayerEntryTable:Name"
                        }
                      },
                      "/index/*"
                    ]
                  ]
                }
              ]
            },
            {
              "Effect": "Allow",
              "Action": [
                "dynamodb:Put*",
                "dynamodb:Create*",
                "dynamodb:BatchWriteItem",
                "dynamodb:PartiQLInsert",
                "dynamodb:Get*",
                "dynamodb:BatchGetItem",
                "dynamodb:List*",
                "dynamodb:Describe*",
                "dynamodb:Scan",
                "dynamodb:Query",
                "dynamodb:PartiQLSelect",
                "dynamodb:Update*",
                "dynamodb:RestoreTable*",
                "dynamodb:PartiQLUpdate"
              ],
              "Resource": [
                {
                  "Fn::Join": [
                    "",
                    [
                      "arn:aws:dynamodb:",
                      {
                        "Ref": "AWS::Region"
                      },
                      ":",
                      {
                        "Ref": "AWS::AccountId"
                      },
                      ":table/",
                      {
                        "Fn::ImportValue": {
                          "Fn::Sub": "${apikingsroomGraphQLAPIIdOutput}:GetAtt:ScraperJobTable:Name"
                        }
                      }
                    ]
                  ]
                },
                {
                  "Fn::Join": [
                    "",
                    [
                      "arn:aws:dynamodb:",
                      {
                        "Ref": "AWS::Region"
                      },
                      ":",
                      {
                        "Ref": "AWS::AccountId"
                      },
                      ":table/",
                      {
                        "Fn::ImportValue": {
                          "Fn::Sub": "${apikingsroomGraphQLAPIIdOutput}:GetAtt:ScraperJobTable:Name"
                        }
                      },
                      "/index/*"
                    ]
                  ]
                }
              ]
            },
            {
              "Effect": "Allow",
              "Action": [
                "dynamodb:Put*",
                "dynamodb:Create*",
                "dynamodb:BatchWriteItem",
                "dynamodb:PartiQLInsert",
                "dynamodb:Get*",
                "dynamodb:BatchGetItem",
                "dynamodb:List*",
                "dynamodb:Describe*",
                "dynamodb:Scan",
                "dynamodb:Query",
                "dynamodb:PartiQLSelect",
                "dynamodb:Update*",
                "dynamodb:RestoreTable*",
                "dynamodb:PartiQLUpdate"
              ],
              "Resource": [
                {
                  "Fn::Join": [
                    "",
                    [
                      "arn:aws:dynamodb:",
                      {
                        "Ref": "AWS::Region"
                      },
                      ":",
                      {
                        "Ref": "AWS::AccountId"
                      },
                      ":table/",
                      {
                        "Fn::ImportValue": {
                          "Fn::Sub": "${apikingsroomGraphQLAPIIdOutput}:GetAtt:ScrapeURLTable:Name"
                        }
                      }
                    ]
                  ]
                },
                {
                  "Fn::Join": [
                    "",
                    [
                      "arn:aws:dynamodb:",
                      {
                        "Ref": "AWS::Region"
                      },
                      ":",
                      {
                        "Ref": "AWS::AccountId"
                      },
                      ":table/",
                      {
                        "Fn::ImportValue": {
                          "Fn::Sub": "${apikingsroomGraphQLAPIIdOutput}:GetAtt:ScrapeURLTable:Name"
                        }
                      },
                      "/index/*"
                    ]
                  ]
                }
              ]
            },
            {
              "Effect": "Allow",
              "Action": [
                "dynamodb:Put*",
                "dynamodb:Create*",
                "dynamodb:BatchWriteItem",
                "dynamodb:PartiQLInsert",
                "dynamodb:Get*",
                "dynamodb:BatchGetItem",
                "dynamodb:List*",
                "dynamodb:Describe*",
                "dynamodb:Scan",
                "dynamodb:Query",
                "dynamodb:PartiQLSelect",
                "dynamodb:Update*",
                "dynamodb:RestoreTable*",
                "dynamodb:PartiQLUpdate"
              ],
              "Resource": [
                {
                  "Fn::Join": [
                    "",
                    [
                      "arn:aws:dynamodb:",
                      {
                        "Ref": "AWS::Region"
                      },
                      ":",
                      {
                        "Ref": "AWS::AccountId"
                      },
                      ":table/",
                      {
                        "Fn::ImportValue": {
                          "Fn::Sub": "${apikingsroomGraphQLAPIIdOutput}:GetAtt:ScrapeAttemptTable:Name"
                        }
                      }
                    ]
                  ]
                },
                {
                  "Fn::Join": [
                    "",
                    [
                      "arn:aws:dynamodb:",
                      {
                        "Ref": "AWS::Region"
                      },
                      ":",
                      {
                        "Ref": "AWS::AccountId"
                      },
                      ":table/",
                      {
                        "Fn::ImportValue": {
                          "Fn::Sub": "${apikingsroomGraphQLAPIIdOutput}:GetAtt:ScrapeAttemptTable:Name"
                        }
                      },
                      "/index/*"
                    ]
                  ]
                }
              ]
            },
            {
              "Effect": "Allow",
              "Action": [
                "dynamodb:Put*",
                "dynamodb:Create*",
                "dynamodb:BatchWriteItem",
                "dynamodb:PartiQLInsert",
                "dynamodb:Get*",
                "dynamodb:BatchGetItem",
                "dynamodb:List*",
                "dynamodb:Describe*",
                "dynamodb:Scan",
                "dynamodb:Query",
                "dynamodb:PartiQLSelect",
                "dynamodb:Update*",
                "dynamodb:RestoreTable*",
                "dynamodb:PartiQLUpdate"
              ],
              "Resource": [
                {
                  "Fn::Join": [
                    "",
                    [
                      "arn:aws:dynamodb:",
                      {
                        "Ref": "AWS::Region"
                      },
                      ":",
                      {
                        "Ref": "AWS::AccountId"
                      },
                      ":table/",
                      {
                        "Fn::ImportValue": {
                          "Fn::Sub": "${apikingsroomGraphQLAPIIdOutput}:GetAtt:S3StorageTable:Name"
                        }
                      }
                    ]
                  ]
                },
                {
                  "Fn::Join": [
                    "",
                    [
                      "arn:aws:dynamodb:",
                      {
                        "Ref": "AWS::Region"
                      },
                      ":",
                      {
                        "Ref": "AWS::AccountId"
                      },
                      ":table/",
                      {
                        "Fn::ImportValue": {
                          "Fn::Sub": "${apikingsroomGraphQLAPIIdOutput}:GetAtt:S3StorageTable:Name"
                        }
                      },
                      "/index/*"
                    ]
                  ]
                }
              ]
            }
          ]
        }
      }
    },
    "CustomLambdaExecutionPolicy": {
      "Type": "AWS::IAM::Policy",
      "Properties": {
        "PolicyName": "custom-lambda-execution-policy",
        "PolicyDocument": {
          "Version": "2012-10-17",
          "Statement": [
            {
              "Action": [
                "dynamodb:GetItem",
                "dynamodb:PutItem",
                "dynamodb:UpdateItem",
                "dynamodb:Query",
                "dynamodb:Scan"
              ],
              "Resource": [
                "arn:aws:dynamodb:ap-southeast-2:*:table/ScrapeURL-*-staging",
                "arn:aws:dynamodb:ap-southeast-2:*:table/ScrapeURL-*-staging/index/*"
              ],
              "Effect": "Allow"
            },
            {
              "Action": [
                "dynamodb:GetItem",
                "dynamodb:PutItem",
                "dynamodb:UpdateItem",
                "dynamodb:Query"
              ],
              "Resource": [
                "arn:aws:dynamodb:ap-southeast-2:*:table/S3Storage-*-staging",
                "arn:aws:dynamodb:ap-southeast-2:*:table/S3Storage-*-staging/index/byURL",
                "arn:aws:dynamodb:ap-southeast-2:*:table/S3Storage-*-staging/index/byTournamentId",
                "arn:aws:dynamodb:ap-southeast-2:*:table/S3Storage-*-staging/index/byS3Key"
              ],
              "Effect": "Allow"
            },
            {
              "Action": [
                "dynamodb:GetItem",
                "dynamodb:PutItem",
                "dynamodb:Scan"
              ],
              "Resource": [
                "arn:aws:dynamodb:ap-southeast-2:*:table/Entity-*-staging"
              ],
              "Effect": "Allow"
            },
            {
              "Action": [
                "dynamodb:Scan"
              ],
              "Resource": [
                "arn:aws:dynamodb:ap-southeast-2:*:table/Venue-*-staging"
              ],
              "Effect": "Allow"
            },
            {
              "Action": [
                "dynamodb:Scan"
              ],
              "Resource": [
                "arn:aws:dynamodb:ap-southeast-2:*:table/TournamentSeriesTitle-*-staging"
              ],
              "Effect": "Allow"
            },
            {
              "Action": [
                "dynamodb:GetItem",
                "dynamodb:PutItem",
                "dynamodb:UpdateItem",
                "dynamodb:Query"
              ],
              "Resource": [
                "arn:aws:dynamodb:ap-southeast-2:*:table/ScrapeStructure-*-staging"
              ],
              "Effect": "Allow"
            },
            {
              "Action": [
                "s3:GetObject",
                "s3:PutObject",
                "s3:HeadObject",
                "s3:ListBucket"
              ],
              "Resource": [
                "arn:aws:s3:::pokerpro-scraper-storage",
                "arn:aws:s3:::pokerpro-scraper-storage/*"
              ],
              "Effect": "Allow"
            },
            {
              "Action": [
                "lambda:InvokeFunction"
              ],
              "Resource": [
                "arn:aws:lambda:ap-southeast-2:*:function:saveGameFunction-staging"
              ],
              "Effect": "Allow"
            },
            {
              "Action": [
                "cloudwatch:PutMetricData"
              ],
              "Resource": [
                "*"
              ],
              "Effect": "Allow"
            }
          ]
        },
        "Roles": [
          {
            "Ref": "LambdaExecutionRole"
          }
        ]
      },
      "DependsOn": "LambdaExecutionRole"
    }
  },
  "Outputs": {
    "Name": {
      "Value": {
        "Ref": "LambdaFunction"
      }
    },
    "Arn": {
      "Value": {
        "Fn::GetAtt": [
          "LambdaFunction",
          "Arn"
        ]
      }
    },
    "Region": {
      "Value": {
        "Ref": "AWS::Region"
      }
    },
    "LambdaExecutionRole": {
      "Value": {
        "Ref": "LambdaExecutionRole"
      }
    },
    "LambdaExecutionRoleArn": {
      "Value": {
        "Fn::GetAtt": [
          "LambdaExecutionRole",
          "Arn"
        ]
      }
    }
  }
}