[
  {
    "Action": [
      "dynamodb:GetItem",
      "dynamodb:PutItem",
      "dynamodb:UpdateItem",
      "dynamodb:Query"
    ],
    "Resource": [
      "arn:aws:dynamodb:ap-southeast-2:*:table/Game-*-staging",
      "arn:aws:dynamodb:ap-southeast-2:*:table/Game-*-staging/index/*"
    ]
  },
  {
    "Action": [
      "dynamodb:GetItem",
      "dynamodb:Query"
    ],
    "Resource": [
      "arn:aws:dynamodb:ap-southeast-2:*:table/Venue-*-staging",
      "arn:aws:dynamodb:ap-southeast-2:*:table/Venue-*-staging/index/*"
    ]
  },
  {
    "Action": [
      "dynamodb:GetItem",
      "dynamodb:Query"
    ],
    "Resource": [
      "arn:aws:dynamodb:ap-southeast-2:*:table/Entity-*-staging"
    ]
  },
  {
    "Action": [
      "dynamodb:GetItem",
      "dynamodb:PutItem",
      "dynamodb:UpdateItem",
      "dynamodb:Query"
    ],
    "Resource": [
      "arn:aws:dynamodb:ap-southeast-2:*:table/TournamentSeries-*-staging",
      "arn:aws:dynamodb:ap-southeast-2:*:table/TournamentSeries-*-staging/index/byTournamentSeriesTitle",
      "arn:aws:dynamodb:ap-southeast-2:*:table/TournamentSeries-*-staging/index/byYear",
      "arn:aws:dynamodb:ap-southeast-2:*:table/TournamentSeries-*-staging/index/byName",
      "arn:aws:dynamodb:ap-southeast-2:*:table/TournamentSeries-*-staging/index/byMonth",
      "arn:aws:dynamodb:ap-southeast-2:*:table/TournamentSeries-*-staging/index/byQuarter"
    ]
  },
  {
    "Action": [
      "dynamodb:GetItem",
      "dynamodb:PutItem",
      "dynamodb:UpdateItem",
      "dynamodb:Query",
      "dynamodb:Scan"
    ],
    "Resource": [
      "arn:aws:dynamodb:ap-southeast-2:*:table/TournamentSeriesTitle-*-staging"
    ]
  },
  {
    "Action": [
      "dynamodb:GetItem",
      "dynamodb:PutItem",
      "dynamodb:UpdateItem",
      "dynamodb:Query"
    ],
    "Resource": [
      "arn:aws:dynamodb:ap-southeast-2:*:table/ScrapeURL-*-staging",
      "arn:aws:dynamodb:ap-southeast-2:*:table/ScrapeURL-*-staging/index/*"
    ]
  },
  {
    "Action": [
      "dynamodb:PutItem"
    ],
    "Resource": [
      "arn:aws:dynamodb:ap-southeast-2:*:table/ScrapeAttempt-*-staging"
    ]
  },
  {
    "Action": [
      "dynamodb:BatchWriteItem",
      "dynamodb:PutItem"
    ],
    "Resource": [
      "arn:aws:dynamodb:ap-southeast-2:*:table/PlayerEntry-*-staging"
    ]
  },
  {
    "Action": [
      "dynamodb:GetItem",
      "dynamodb:PutItem",
      "dynamodb:UpdateItem",
      "dynamodb:Query"
    ],
    "Resource": [
      "arn:aws:dynamodb:ap-southeast-2:*:table/GameFinancialSnapshot-*-staging",
      "arn:aws:dynamodb:ap-southeast-2:*:table/GameFinancialSnapshot-*-staging/index/*"
    ]
  },
  {
    "Action": [
      "dynamodb:GetItem",
      "dynamodb:PutItem",
      "dynamodb:UpdateItem",
      "dynamodb:Query"
    ],
    "Resource": [
      "arn:aws:dynamodb:ap-southeast-2:*:table/GameCost-*-staging",
      "arn:aws:dynamodb:ap-southeast-2:*:table/GameCost-*-staging/index/*"
    ]
  },
  {
    "Action": [
        "dynamodb:GetItem",
        "dynamodb:PutItem",
        "dynamodb:UpdateItem",
        "dynamodb:Query"
    ],
    "Resource": [
        "arn:aws:dynamodb:ap-southeast-2:*:table/RecurringGame-*-staging",
        "arn:aws:dynamodb:ap-southeast-2:*:table/RecurringGame-*-staging/index/*"
    ]
  },
  {
    "Action": ["sqs:SendMessage"],
    "Resource": [
        "arn:aws:sqs:ap-southeast-2:*:GameProcessingQueue.fifo",
        "arn:aws:sqs:ap-southeast-2:*:VenueReassignmentQueue.fifo",
        "arn:aws:sqs:ap-southeast-2:*:PlayerProcessorQueue.fifo"
    ]
    },
  {
    "Action": [
      "cloudwatch:PutMetricData"
    ],
    "Resource": [
      "*"
    ]
  }
]