{
  "permissions": {
    "api": {
      "kingsroom": [
        "Query",
        "Mutation"
      ]
    },
    "storage": {
      "Entity:@model(appsync)": [
        "create",
        "read",
        "update"
      ],
      "Venue:@model(appsync)": [
        "create",
        "read",
        "update"
      ],
      "TournamentSeriesTitle:@model(appsync)": [
        "create",
        "read",
        "update"
      ],
      "TournamentSeries:@model(appsync)": [
        "create",
        "read",
        "update"
      ],
      "Game:@model(appsync)": [
        "create",
        "read",
        "update"
      ],
      "PlayerEntry:@model(appsync)": [
        "create",
        "read",
        "update"
      ],
      "ScrapeURL:@model(appsync)": [
        "create",
        "read",
        "update"
      ],
      "ScrapeAttempt:@model(appsync)": [
        "create",
        "read",
        "update"
      ]
    }
  },
  "lambdaLayers": [],
  "environmentVariableList": [
    {
      "cloudFormationParameterName": "playerProcessorQueueUrl",
      "environmentVariableName": "PLAYER_PROCESSOR_QUEUE_URL"
    }
  ]
}