[
  {
    "Action": [
      "s3:PutObject",
      "s3:GetObject"
    ],
    "Resource": [
      "arn:aws:s3:::pokerpro-scraper-storage/*"
    ]
  },
  {
    "Action": [
      "dynamodb:Query",
      "dynamodb:GetItem",
      "dynamodb:PutItem",
      "dynamodb:UpdateItem"
    ],
    "Resource": [
      "arn:aws:dynamodb:ap-southeast-2:*:table/ScrapeURL-*-staging",
      "arn:aws:dynamodb:ap-southeast-2:*:table/ScrapeURL-*-staging/index/byURL",
      "arn:aws:dynamodb:ap-southeast-2:*:table/ScrapeURL-*-staging/index/byTournamentId",
      "arn:aws:dynamodb:ap-southeast-2:*:table/ScrapeURL-*-staging/index/byEntityScrapeURL"
    ]
  },
  {
    "Action": [
      "dynamodb:Query",
      "dynamodb:GetItem",
      "dynamodb:PutItem",
      "dynamodb:UpdateItem"
    ],
    "Resource": [
      "arn:aws:dynamodb:ap-southeast-2:*:table/S3Storage-*-staging",
      "arn:aws:dynamodb:ap-southeast-2:*:table/S3Storage-*-staging/index/byURL",
      "arn:aws:dynamodb:ap-southeast-2:*:table/S3Storage-*-staging/index/byEntity",
      "arn:aws:dynamodb:ap-southeast-2:*:table/S3Storage-*-staging/index/byScrapeURL"
    ]
  },
  {
    "Action": [
      "cloudwatch:PutMetricData"
    ],
    "Resource": [
      "*"
    ]
  }
]