{
  "permissions": {
    "api": {
      "kingsroom": [
        "Query",
        "Mutation"
      ]
    },
    "storage": {
      "ScraperJob:@model(appsync)": [
        "create",
        "read",
        "update"
      ],
      "ScrapeURL:@model(appsync)": [
        "create",
        "read",
        "update"
      ],
      "ScrapeAttempt:@model(appsync)": [
        "create",
        "read",
        "update"
      ],
      "S3Storage:@model(appsync)": [
        "create",
        "read",
        "update"
      ]
    }
  },
  "lambdaLayers": []
}