{
  "AWSTemplateFormatVersion": "2010-09-09",
  "Description": "{\"createdOn\":\"Mac\",\"createdBy\":\"Amplify\",\"createdWith\":\"14.2.3\",\"stackType\":\"function-Lambda\",\"metadata\":{\"whyContinueWithGen1\":\"\"}}",
  "Parameters": {
    "CloudWatchRule": {
      "Type": "String",
      "Default": "NONE",
      "Description": " Schedule Expression"
    },
    "deploymentBucketName": {
      "Type": "String"
    },
    "env": {
      "Type": "String"
    },
    "s3Key": {
      "Type": "String"
    },
    "apikingsroomGraphQLAPIIdOutput": {
      "Type": "String",
      "Default": "apikingsroomGraphQLAPIIdOutput"
    },
    "apikingsroomGraphQLAPIEndpointOutput": {
      "Type": "String",
      "Default": "apikingsroomGraphQLAPIEndpointOutput"
    },
    "apikingsroomGraphQLAPIKeyOutput": {
      "Type": "String",
      "Default": "apikingsroomGraphQLAPIKeyOutput"
    },
    "authkingsroomauthUserPoolId": {
      "Type": "String",
      "Default": "authkingsroomauthUserPoolId"
    },
    "auditLogTable": {
      "Type": "String"
    }
  },
  "Conditions": {
    "ShouldNotCreateEnvResources": {
      "Fn::Equals": [
        {
          "Ref": "env"
        },
        "NONE"
      ]
    }
  },
  "Resources": {
    "LambdaFunction": {
      "Type": "AWS::Lambda::Function",
      "Metadata": {
        "aws:asset:path": "./src",
        "aws:asset:property": "Code"
      },
      "Properties": {
        "Code": {
          "S3Bucket": {
            "Ref": "deploymentBucketName"
          },
          "S3Key": {
            "Ref": "s3Key"
          }
        },
        "Handler": "index.handler",
        "FunctionName": {
          "Fn::If": [
            "ShouldNotCreateEnvResources",
            "userManagement",
            {
              "Fn::Join": [
                "",
                [
                  "userManagement",
                  "-",
                  {
                    "Ref": "env"
                  }
                ]
              ]
            }
          ]
        },
        "Environment": {
          "Variables": {
            "ENV": {
              "Ref": "env"
            },
            "REGION": {
              "Ref": "AWS::Region"
            },
            "API_KINGSROOM_GRAPHQLAPIIDOUTPUT": {
              "Ref": "apikingsroomGraphQLAPIIdOutput"
            },
            "API_KINGSROOM_GRAPHQLAPIENDPOINTOUTPUT": {
              "Ref": "apikingsroomGraphQLAPIEndpointOutput"
            },
            "API_KINGSROOM_GRAPHQLAPIKEYOUTPUT": {
              "Ref": "apikingsroomGraphQLAPIKeyOutput"
            },
            "AUTH_KINGSROOMAUTH_USERPOOLID": {
              "Ref": "authkingsroomauthUserPoolId"
            },
            "API_KINGSROOM_USERTABLE_NAME": {
              "Fn::ImportValue": {
                "Fn::Sub": "${apikingsroomGraphQLAPIIdOutput}:GetAtt:UserTable:Name"
              }
            },
            "API_KINGSROOM_USERTABLE_ARN": {
              "Fn::Join": [
                "",
                [
                  "arn:aws:dynamodb:",
                  {
                    "Ref": "AWS::Region"
                  },
                  ":",
                  {
                    "Ref": "AWS::AccountId"
                  },
                  ":table/",
                  {
                    "Fn::ImportValue": {
                      "Fn::Sub": "${apikingsroomGraphQLAPIIdOutput}:GetAtt:UserTable:Name"
                    }
                  }
                ]
              ]
            },
            "API_KINGSROOM_USERPREFERENCETABLE_NAME": {
              "Fn::ImportValue": {
                "Fn::Sub": "${apikingsroomGraphQLAPIIdOutput}:GetAtt:UserPreferenceTable:Name"
              }
            },
            "API_KINGSROOM_USERPREFERENCETABLE_ARN": {
              "Fn::Join": [
                "",
                [
                  "arn:aws:dynamodb:",
                  {
                    "Ref": "AWS::Region"
                  },
                  ":",
                  {
                    "Ref": "AWS::AccountId"
                  },
                  ":table/",
                  {
                    "Fn::ImportValue": {
                      "Fn::Sub": "${apikingsroomGraphQLAPIIdOutput}:GetAtt:UserPreferenceTable:Name"
                    }
                  }
                ]
              ]
            },
            "API_KINGSROOM_USERAUDITLOGTABLE_NAME": {
              "Fn::ImportValue": {
                "Fn::Sub": "${apikingsroomGraphQLAPIIdOutput}:GetAtt:UserAuditLogTable:Name"
              }
            },
            "API_KINGSROOM_USERAUDITLOGTABLE_ARN": {
              "Fn::Join": [
                "",
                [
                  "arn:aws:dynamodb:",
                  {
                    "Ref": "AWS::Region"
                  },
                  ":",
                  {
                    "Ref": "AWS::AccountId"
                  },
                  ":table/",
                  {
                    "Fn::ImportValue": {
                      "Fn::Sub": "${apikingsroomGraphQLAPIIdOutput}:GetAtt:UserAuditLogTable:Name"
                    }
                  }
                ]
              ]
            },
            "AUDIT_LOG_TABLE": {
              "Ref": "auditLogTable"
            }
          }
        },
        "Role": {
          "Fn::GetAtt": [
            "LambdaExecutionRole",
            "Arn"
          ]
        },
        "Runtime": "nodejs22.x",
        "Layers": [],
        "Timeout": 25
      }
    },
    "LambdaExecutionRole": {
      "Type": "AWS::IAM::Role",
      "Properties": {
        "RoleName": {
          "Fn::If": [
            "ShouldNotCreateEnvResources",
            "kingsroomLambdaRolec2af73ad",
            {
              "Fn::Join": [
                "",
                [
                  "kingsroomLambdaRolec2af73ad",
                  "-",
                  {
                    "Ref": "env"
                  }
                ]
              ]
            }
          ]
        },
        "AssumeRolePolicyDocument": {
          "Version": "2012-10-17",
          "Statement": [
            {
              "Effect": "Allow",
              "Principal": {
                "Service": [
                  "lambda.amazonaws.com"
                ]
              },
              "Action": [
                "sts:AssumeRole"
              ]
            }
          ]
        }
      }
    },
    "lambdaexecutionpolicy": {
      "DependsOn": [
        "LambdaExecutionRole"
      ],
      "Type": "AWS::IAM::Policy",
      "Properties": {
        "PolicyName": "lambda-execution-policy",
        "Roles": [
          {
            "Ref": "LambdaExecutionRole"
          }
        ],
        "PolicyDocument": {
          "Version": "2012-10-17",
          "Statement": [
            {
              "Effect": "Allow",
              "Action": [
                "logs:CreateLogGroup",
                "logs:CreateLogStream",
                "logs:PutLogEvents"
              ],
              "Resource": {
                "Fn::Sub": [
                  "arn:aws:logs:${region}:${account}:log-group:/aws/lambda/${lambda}:log-stream:*",
                  {
                    "region": {
                      "Ref": "AWS::Region"
                    },
                    "account": {
                      "Ref": "AWS::AccountId"
                    },
                    "lambda": {
                      "Ref": "LambdaFunction"
                    }
                  }
                ]
              }
            }
          ]
        }
      }
    },
    "CustomLambdaExecutionPolicy": {
      "Type": "AWS::IAM::Policy",
      "Properties": {
        "PolicyName": "custom-lambda-execution-policy",
        "PolicyDocument": {
          "Version": "2012-10-17",
          "Statement": [
            {
              "Effect": "Allow",
              "Action": [
                "cognito-idp:AdminCreateUser",
                "cognito-idp:AdminAddUserToGroup",
                "cognito-idp:AdminRemoveUserFromGroup",
                "cognito-idp:AdminSetUserPassword",
                "cognito-idp:AdminGetUser",
                "cognito-idp:AdminDisableUser",
                "cognito-idp:AdminEnableUser",
                "cognito-idp:AdminUpdateUserAttributes",
                "cognito-idp:ListGroups"
              ],
              "Resource": [
                "arn:aws:cognito-idp:*:*:userpool/*"
              ]
            },
            {
              "Effect": "Allow",
              "Action": [
                "dynamodb:GetItem",
                "dynamodb:PutItem",
                "dynamodb:UpdateItem"
              ],
              "Resource": [
                "arn:aws:dynamodb:*:*:table/User-*"
              ]
            },
            {
              "Effect": "Allow",
              "Action": [
                "dynamodb:PutItem"
              ],
              "Resource": [
                "arn:aws:dynamodb:*:*:table/UserAuditLog-*"
              ]
            },
            {
              "Effect": "Allow",
              "Action": [
                "cloudwatch:PutMetricData"
              ],
              "Resource": [
                "*"
              ]
            }
          ]
        },
        "Roles": [
          {
            "Ref": "LambdaExecutionRole"
          }
        ]
      },
      "DependsOn": "LambdaExecutionRole"
    },
    "AmplifyResourcesPolicy": {
      "DependsOn": [
        "LambdaExecutionRole"
      ],
      "Type": "AWS::IAM::Policy",
      "Properties": {
        "PolicyName": "amplify-lambda-execution-policy",
        "Roles": [
          {
            "Ref": "LambdaExecutionRole"
          }
        ],
        "PolicyDocument": {
          "Version": "2012-10-17",
          "Statement": [
            {
              "Effect": "Allow",
              "Action": [
                "appsync:GraphQL"
              ],
              "Resource": [
                {
                  "Fn::Join": [
                    "",
                    [
                      "arn:aws:appsync:",
                      {
                        "Ref": "AWS::Region"
                      },
                      ":",
                      {
                        "Ref": "AWS::AccountId"
                      },
                      ":apis/",
                      {
                        "Ref": "apikingsroomGraphQLAPIIdOutput"
                      },
                      "/types/Query/*"
                    ]
                  ]
                },
                {
                  "Fn::Join": [
                    "",
                    [
                      "arn:aws:appsync:",
                      {
                        "Ref": "AWS::Region"
                      },
                      ":",
                      {
                        "Ref": "AWS::AccountId"
                      },
                      ":apis/",
                      {
                        "Ref": "apikingsroomGraphQLAPIIdOutput"
                      },
                      "/types/Mutation/*"
                    ]
                  ]
                }
              ]
            },
            {
              "Effect": "Allow",
              "Action": [
                "cognito-idp:ConfirmSignUp",
                "cognito-idp:AdminCreateUser",
                "cognito-idp:CreateUserImportJob",
                "cognito-idp:AdminSetUserSettings",
                "cognito-idp:AdminLinkProviderForUser",
                "cognito-idp:CreateIdentityProvider",
                "cognito-idp:AdminConfirmSignUp",
                "cognito-idp:AdminDisableUser",
                "cognito-idp:AdminRemoveUserFromGroup",
                "cognito-idp:SetUserMFAPreference",
                "cognito-idp:SetUICustomization",
                "cognito-idp:SignUp",
                "cognito-idp:VerifyUserAttribute",
                "cognito-idp:SetRiskConfiguration",
                "cognito-idp:StartUserImportJob",
                "cognito-idp:AdminSetUserPassword",
                "cognito-idp:AssociateSoftwareToken",
                "cognito-idp:CreateResourceServer",
                "cognito-idp:RespondToAuthChallenge",
                "cognito-idp:CreateUserPoolClient",
                "cognito-idp:AdminUserGlobalSignOut",
                "cognito-idp:GlobalSignOut",
                "cognito-idp:AddCustomAttributes",
                "cognito-idp:CreateGroup",
                "cognito-idp:CreateUserPool",
                "cognito-idp:AdminForgetDevice",
                "cognito-idp:AdminAddUserToGroup",
                "cognito-idp:AdminRespondToAuthChallenge",
                "cognito-idp:ForgetDevice",
                "cognito-idp:CreateUserPoolDomain",
                "cognito-idp:AdminEnableUser",
                "cognito-idp:AdminUpdateDeviceStatus",
                "cognito-idp:StopUserImportJob",
                "cognito-idp:InitiateAuth",
                "cognito-idp:AdminInitiateAuth",
                "cognito-idp:AdminSetUserMFAPreference",
                "cognito-idp:ConfirmForgotPassword",
                "cognito-idp:SetUserSettings",
                "cognito-idp:VerifySoftwareToken",
                "cognito-idp:AdminDisableProviderForUser",
                "cognito-idp:SetUserPoolMfaConfig",
                "cognito-idp:ChangePassword",
                "cognito-idp:ConfirmDevice",
                "cognito-idp:AdminResetUserPassword",
                "cognito-idp:ResendConfirmationCode",
                "cognito-identity:Describe*",
                "cognito-identity:Get*",
                "cognito-identity:List*",
                "cognito-idp:Describe*",
                "cognito-idp:AdminGetDevice",
                "cognito-idp:AdminGetUser",
                "cognito-idp:AdminList*",
                "cognito-idp:List*",
                "cognito-sync:Describe*",
                "cognito-sync:Get*",
                "cognito-sync:List*",
                "iam:ListOpenIdConnectProviders",
                "iam:ListRoles",
                "sns:ListPlatformApplications",
                "cognito-idp:ForgotPassword",
                "cognito-idp:UpdateAuthEventFeedback",
                "cognito-idp:UpdateResourceServer",
                "cognito-idp:UpdateUserPoolClient",
                "cognito-idp:AdminUpdateUserAttributes",
                "cognito-idp:UpdateUserAttributes",
                "cognito-idp:UpdateUserPoolDomain",
                "cognito-idp:UpdateIdentityProvider",
                "cognito-idp:UpdateGroup",
                "cognito-idp:AdminUpdateAuthEventFeedback",
                "cognito-idp:UpdateDeviceStatus",
                "cognito-idp:UpdateUserPool"
              ],
              "Resource": [
                {
                  "Fn::Join": [
                    "",
                    [
                      "arn:aws:cognito-idp:",
                      {
                        "Ref": "AWS::Region"
                      },
                      ":",
                      {
                        "Ref": "AWS::AccountId"
                      },
                      ":userpool/",
                      {
                        "Ref": "authkingsroomauthUserPoolId"
                      }
                    ]
                  ]
                }
              ]
            },
            {
              "Effect": "Allow",
              "Action": [
                "dynamodb:Put*",
                "dynamodb:Create*",
                "dynamodb:BatchWriteItem",
                "dynamodb:PartiQLInsert",
                "dynamodb:Get*",
                "dynamodb:BatchGetItem",
                "dynamodb:List*",
                "dynamodb:Describe*",
                "dynamodb:Scan",
                "dynamodb:Query",
                "dynamodb:PartiQLSelect",
                "dynamodb:Update*",
                "dynamodb:RestoreTable*",
                "dynamodb:PartiQLUpdate"
              ],
              "Resource": [
                {
                  "Fn::Join": [
                    "",
                    [
                      "arn:aws:dynamodb:",
                      {
                        "Ref": "AWS::Region"
                      },
                      ":",
                      {
                        "Ref": "AWS::AccountId"
                      },
                      ":table/",
                      {
                        "Fn::ImportValue": {
                          "Fn::Sub": "${apikingsroomGraphQLAPIIdOutput}:GetAtt:UserTable:Name"
                        }
                      }
                    ]
                  ]
                },
                {
                  "Fn::Join": [
                    "",
                    [
                      "arn:aws:dynamodb:",
                      {
                        "Ref": "AWS::Region"
                      },
                      ":",
                      {
                        "Ref": "AWS::AccountId"
                      },
                      ":table/",
                      {
                        "Fn::ImportValue": {
                          "Fn::Sub": "${apikingsroomGraphQLAPIIdOutput}:GetAtt:UserTable:Name"
                        }
                      },
                      "/index/*"
                    ]
                  ]
                }
              ]
            },
            {
              "Effect": "Allow",
              "Action": [
                "dynamodb:Put*",
                "dynamodb:Create*",
                "dynamodb:BatchWriteItem",
                "dynamodb:PartiQLInsert",
                "dynamodb:Get*",
                "dynamodb:BatchGetItem",
                "dynamodb:List*",
                "dynamodb:Describe*",
                "dynamodb:Scan",
                "dynamodb:Query",
                "dynamodb:PartiQLSelect",
                "dynamodb:Update*",
                "dynamodb:RestoreTable*",
                "dynamodb:PartiQLUpdate"
              ],
              "Resource": [
                {
                  "Fn::Join": [
                    "",
                    [
                      "arn:aws:dynamodb:",
                      {
                        "Ref": "AWS::Region"
                      },
                      ":",
                      {
                        "Ref": "AWS::AccountId"
                      },
                      ":table/",
                      {
                        "Fn::ImportValue": {
                          "Fn::Sub": "${apikingsroomGraphQLAPIIdOutput}:GetAtt:UserPreferenceTable:Name"
                        }
                      }
                    ]
                  ]
                },
                {
                  "Fn::Join": [
                    "",
                    [
                      "arn:aws:dynamodb:",
                      {
                        "Ref": "AWS::Region"
                      },
                      ":",
                      {
                        "Ref": "AWS::AccountId"
                      },
                      ":table/",
                      {
                        "Fn::ImportValue": {
                          "Fn::Sub": "${apikingsroomGraphQLAPIIdOutput}:GetAtt:UserPreferenceTable:Name"
                        }
                      },
                      "/index/*"
                    ]
                  ]
                }
              ]
            },
            {
              "Effect": "Allow",
              "Action": [
                "dynamodb:Put*",
                "dynamodb:Create*",
                "dynamodb:BatchWriteItem",
                "dynamodb:PartiQLInsert",
                "dynamodb:Get*",
                "dynamodb:BatchGetItem",
                "dynamodb:List*",
                "dynamodb:Describe*",
                "dynamodb:Scan",
                "dynamodb:Query",
                "dynamodb:PartiQLSelect",
                "dynamodb:Update*",
                "dynamodb:RestoreTable*",
                "dynamodb:PartiQLUpdate"
              ],
              "Resource": [
                {
                  "Fn::Join": [
                    "",
                    [
                      "arn:aws:dynamodb:",
                      {
                        "Ref": "AWS::Region"
                      },
                      ":",
                      {
                        "Ref": "AWS::AccountId"
                      },
                      ":table/",
                      {
                        "Fn::ImportValue": {
                          "Fn::Sub": "${apikingsroomGraphQLAPIIdOutput}:GetAtt:UserAuditLogTable:Name"
                        }
                      }
                    ]
                  ]
                },
                {
                  "Fn::Join": [
                    "",
                    [
                      "arn:aws:dynamodb:",
                      {
                        "Ref": "AWS::Region"
                      },
                      ":",
                      {
                        "Ref": "AWS::AccountId"
                      },
                      ":table/",
                      {
                        "Fn::ImportValue": {
                          "Fn::Sub": "${apikingsroomGraphQLAPIIdOutput}:GetAtt:UserAuditLogTable:Name"
                        }
                      },
                      "/index/*"
                    ]
                  ]
                }
              ]
            }
          ]
        }
      }
    }
  },
  "Outputs": {
    "Name": {
      "Value": {
        "Ref": "LambdaFunction"
      }
    },
    "Arn": {
      "Value": {
        "Fn::GetAtt": [
          "LambdaFunction",
          "Arn"
        ]
      }
    },
    "Region": {
      "Value": {
        "Ref": "AWS::Region"
      }
    },
    "LambdaExecutionRole": {
      "Value": {
        "Ref": "LambdaExecutionRole"
      }
    },
    "LambdaExecutionRoleArn": {
      "Value": {
        "Fn::GetAtt": [
          "LambdaExecutionRole",
          "Arn"
        ]
      }
    }
  }
}