{
  "permissions": {
    "api": {
      "kingsroom": [
        "Query",
        "Mutation",
        "Subscription"
      ]
    },
    "function": {
      "getModelCount": [
        "read"
      ],
      "playerDataProcessor": [
        "create",
        "read",
        "update"
      ],
      "webScraperFunction": [
        "create",
        "read",
        "update"
      ]
    },
    "storage": {
      "Entity:@model(appsync)": [
        "read"
      ],
      "ScraperState:@model(appsync)": [
        "create",
        "read",
        "update"
      ],
      "ScraperJob:@model(appsync)": [
        "create",
        "read",
        "update"
      ],
      "ScrapeURL:@model(appsync)": [
        "create",
        "read",
        "update"
      ],
      "ScrapeAttempt:@model(appsync)": [
        "create",
        "read",
        "update"
      ],
      "S3Storage:@model(appsync)": [
        "create",
        "read",
        "update"
      ]
    }
  },
  "lambdaLayers": []
}