{
  "permissions": {
    "storage": {
      "Game:@model(appsync)": [
        "read"
      ],
      "TournamentStructure:@model(appsync)": [
        "read"
      ],
      "Player:@model(appsync)": [
        "read"
      ],
      "PlayerSummary:@model(appsync)": [
        "read"
      ],
      "PlayerEntry:@model(appsync)": [
        "read"
      ],
      "PlayerResult:@model(appsync)": [
        "read"
      ],
      "PlayerVenue:@model(appsync)": [
        "read"
      ],
      "PlayerTransaction:@model(appsync)": [
        "read"
      ],
      "PlayerCredits:@model(appsync)": [
        "read"
      ],
      "PlayerPoints:@model(appsync)": [
        "read"
      ],
      "PlayerTicket:@model(appsync)": [
        "read"
      ],
      "MarketingMessage:@model(appsync)": [
        "read"
      ],
      "PlayerMarketingMessage:@model(appsync)": [
        "read"
      ]
    }
  },
  "lambdaLayers": []
}