[
  {
    "Action": [
      "dynamodb:Query"
    ],
    "Resource": [
      "arn:aws:dynamodb:ap-southeast-2:*:table/Game-*-staging",
      "arn:aws:dynamodb:ap-southeast-2:*:table/Game-*-staging/index/byEntityAndTournamentId",
      "arn:aws:dynamodb:ap-southeast-2:*:table/Game-*-staging/index/byStatus"
    ]
  },
  {
    "Action": [
      "dynamodb:Query",
      "dynamodb:UpdateItem"
    ],
    "Resource": [
      "arn:aws:dynamodb:ap-southeast-2:*:table/ScraperState-*-staging",
      "arn:aws:dynamodb:ap-southeast-2:*:table/ScraperState-*-staging/index/byEntityScraperState"
    ]
  },
  {
    "Action": [
      "dynamodb:GetItem"
    ],
    "Resource": [
      "arn:aws:dynamodb:ap-southeast-2:*:table/Entity-*-staging"
    ]
  },
  {
    "Action": [
      "cloudwatch:PutMetricData"
    ],
    "Resource": [
      "*"
    ]
  }
]