[
  {
    "Action": [
      "dynamodb:GetItem",
      "dynamodb:PutItem",
      "dynamodb:UpdateItem",
      "dynamodb:Query"
    ],
    "Resource": [
      "arn:aws:dynamodb:ap-southeast-2:*:table/Player-*-staging",
      "arn:aws:dynamodb:ap-southeast-2:*:table/Player-*-staging/index/*"
    ]
  },
  {
    "Action": [
      "dynamodb:GetItem",
      "dynamodb:PutItem",
      "dynamodb:UpdateItem"
    ],
    "Resource": [
      "arn:aws:dynamodb:ap-southeast-2:*:table/PlayerSummary-*-staging"
    ]
  },
  {
    "Action": [
      "dynamodb:GetItem",
      "dynamodb:PutItem",
      "dynamodb:UpdateItem"
    ],
    "Resource": [
      "arn:aws:dynamodb:ap-southeast-2:*:table/PlayerEntry-*-staging"
    ]
  },
  {
    "Action": [
      "dynamodb:GetItem",
      "dynamodb:PutItem",
      "dynamodb:Query"
    ],
    "Resource": [
      "arn:aws:dynamodb:ap-southeast-2:*:table/PlayerResult-*-staging",
      "arn:aws:dynamodb:ap-southeast-2:*:table/PlayerResult-*-staging/index/*"
    ]
  },
  {
    "Action": [
      "dynamodb:GetItem",
      "dynamodb:PutItem",
      "dynamodb:UpdateItem",
      "dynamodb:Query"
    ],
    "Resource": [
      "arn:aws:dynamodb:ap-southeast-2:*:table/PlayerVenue-*-staging",
      "arn:aws:dynamodb:ap-southeast-2:*:table/PlayerVenue-*-staging/index/byPlayer"
    ]
  },
  {
    "Action": [
      "dynamodb:PutItem",
      "dynamodb:BatchWriteItem"
    ],
    "Resource": [
      "arn:aws:dynamodb:ap-southeast-2:*:table/PlayerTransaction-*-staging"
    ]
  },
  {
    "Action": [
      "dynamodb:GetItem",
      "dynamodb:PutItem",
      "dynamodb:UpdateItem"
    ],
    "Resource": [
      "arn:aws:dynamodb:ap-southeast-2:*:table/PlayerCredits-*-staging"
    ]
  },
  {
    "Action": [
      "dynamodb:GetItem",
      "dynamodb:PutItem",
      "dynamodb:UpdateItem"
    ],
    "Resource": [
      "arn:aws:dynamodb:ap-southeast-2:*:table/PlayerPoints-*-staging"
    ]
  },
  {
    "Action": [
      "dynamodb:GetItem",
      "dynamodb:PutItem"
    ],
    "Resource": [
      "arn:aws:dynamodb:ap-southeast-2:*:table/PlayerTicket-*-staging"
    ]
  },
  {
    "Action": [
      "dynamodb:GetItem"
    ],
    "Resource": [
      "arn:aws:dynamodb:ap-southeast-2:*:table/TicketTemplate-*-staging"
    ]
  },
  {
    "Action": [
      "dynamodb:GetItem"
    ],
    "Resource": [
      "arn:aws:dynamodb:ap-southeast-2:*:table/Entity-*-staging"
    ]
  },
  {
    "Action": [
      "sqs:ReceiveMessage",
      "sqs:DeleteMessage",
      "sqs:GetQueueAttributes"
    ],
    "Resource": [
      "arn:aws:sqs:ap-southeast-2:*:*playerdata*"
    ]
  },
  {
    "Action": [
      "sqs:ReceiveMessage",
      "sqs:DeleteMessage",
      "sqs:GetQueueAttributes"
    ],
    "Resource": [
      "arn:aws:sqs:ap-southeast-2:495599763953:GameProcessingQueue.fifo"
    ]
  },
  {
    "Action": [
      "cloudwatch:PutMetricData"
    ],
    "Resource": [
      "*"
    ]
  },
    {
    "Action": [
      "dynamodb:GetItem"
    ],
    "Resource": [
      "arn:aws:dynamodb:ap-southeast-2:*:table/Venue-*"
    ]
  }
]