{
  "permissions": {
    "api": {
      "kingsroom": [
        "Query",
        "Mutation"
      ]
    },
    "storage": {
      "Entity:@model(appsync)": [
        "read"
      ],
      "Player:@model(appsync)": [
        "create",
        "read",
        "update"
      ],
      "PlayerSummary:@model(appsync)": [
        "create",
        "read",
        "update"
      ],
      "PlayerEntry:@model(appsync)": [
        "create",
        "read",
        "update"
      ],
      "PlayerResult:@model(appsync)": [
        "create",
        "read",
        "update"
      ],
      "PlayerVenue:@model(appsync)": [
        "create",
        "read",
        "update"
      ],
      "PlayerTransaction:@model(appsync)": [
        "create",
        "read",
        "update"
      ],
      "PlayerCredits:@model(appsync)": [
        "create",
        "read",
        "update"
      ],
      "PlayerPoints:@model(appsync)": [
        "create",
        "read",
        "update"
      ],
      "TicketTemplate:@model(appsync)": [
        "create",
        "read",
        "update"
      ],
      "PlayerTicket:@model(appsync)": [
        "create",
        "read",
        "update"
      ]
    }
  },
  "lambdaLayers": []
}