[
  {
    "Action": [
      "dynamodb:GetItem",
      "dynamodb:Scan",
      "dynamodb:UpdateItem"
    ],
    "Resource": [
      "arn:aws:dynamodb:ap-southeast-2:*:table/SocialAccount-*-staging"
    ]
  },
  {
    "Action": [
      "dynamodb:GetItem",
      "dynamodb:PutItem"
    ],
    "Resource": [
      "arn:aws:dynamodb:ap-southeast-2:*:table/SocialPost-*-staging"
    ]
  },
  {
    "Action": [
      "dynamodb:PutItem",
      "dynamodb:UpdateItem"
    ],
    "Resource": [
      "arn:aws:dynamodb:ap-southeast-2:*:table/SocialScrapeAttempt-*-staging"
    ]
  },
  {
    "Action": [
      "s3:PutObject",
      "s3:HeadObject",
      "s3:DeleteObject"
    ],
    "Resource": [
      "arn:aws:s3:::pokerpro-scraper-storage/social-media/*"
    ]
  }
]