[
  {
    "Action": [
      "dynamodb:GetItem",
      "dynamodb:PutItem",
      "dynamodb:UpdateItem",
      "dynamodb:Query",
      "dynamodb:Scan"
    ],
    "Resource": [
      "arn:aws:dynamodb:*:*:table/TournamentSeries-*",
      "arn:aws:dynamodb:*:*:table/TournamentSeries-*/index/*",
      "arn:aws:dynamodb:*:*:table/TournamentSeriesTitle-*",
      "arn:aws:dynamodb:*:*:table/TournamentSeriesTitle-*/index/*",
      "arn:aws:dynamodb:*:*:table/RecurringGame-*",
      "arn:aws:dynamodb:*:*:table/RecurringGame-*/index/*",
      "arn:aws:dynamodb:*:*:table/Venue-*",
      "arn:aws:dynamodb:*:*:table/Venue-*/index/*"
    ]
  },
  {
    "Action": [
      "cloudwatch:PutMetricData"
    ],
    "Resource": ["*"]
  },
  {
    "Action": [
      "lambda:InvokeFunction"
    ],
    "Resource": [
      "arn:aws:lambda:*:*:function:saveGameFunction-*"
    ]
  }
]