{
  "providers": {
    "awscloudformation": {
      "AuthRoleName": "amplify-kingsroom-staging-47186-authRole",
      "UnauthRoleArn": "arn:aws:iam::495599763953:role/amplify-kingsroom-staging-47186-unauthRole",
      "AuthRoleArn": "arn:aws:iam::495599763953:role/amplify-kingsroom-staging-47186-authRole",
      "Region": "ap-southeast-2",
      "DeploymentBucketName": "amplify-kingsroom-staging-47186-deployment",
      "UnauthRoleName": "amplify-kingsroom-staging-47186-unauthRole",
      "StackName": "amplify-kingsroom-staging-47186",
      "StackId": "arn:aws:cloudformation:ap-southeast-2:495599763953:stack/amplify-kingsroom-staging-47186/cdcd9330-dd1c-11f0-8d44-024784d19347",
      "AmplifyAppId": "d37g1shsg3vvxw"
    }
  },
  "api": {
    "kingsroom": {
      "dependsOn": [
        {
          "attributes": [
            "UserPoolId"
          ],
          "category": "auth",
          "resourceName": "kingsroomauth"
        }
      ],
      "output": {
        "authConfig": {
          "additionalAuthenticationProviders": [
            {
              "apiKeyConfig": {
                "apiKeyExpirationDate": "2026-11-30T19:02:34.381Z",
                "apiKeyExpirationDays": 365,
                "description": "KingsRoom-Guest"
              },
              "authenticationType": "API_KEY"
            }
          ],
          "defaultAuthentication": {
            "authenticationType": "AMAZON_COGNITO_USER_POOLS",
            "userPoolConfig": {
              "userPoolId": "authkingsroomauth"
            }
          }
        },
        "GraphQLAPIIdOutput": "fosb7ek5argnhctz4odpt52eia",
        "GraphQLAPIEndpointOutput": "https://zxcj3ihlwbas5g7tiq67kzde3m.appsync-api.ap-southeast-2.amazonaws.com/graphql",
        "GraphQLAPIKeyOutput": "da2-zohwebcnd5hyniujnzhhcl7npq"
      },
      "providerPlugin": "awscloudformation",
      "service": "AppSync",
      "providerMetadata": {
        "s3TemplateURL": "https://s3.amazonaws.com/amplify-kingsroom-staging-47186-deployment/amplify-cfn-templates/api/cloudformation-template.json",
        "logicalId": "apikingsroom"
      },
      "lastPushTimeStamp": "2025-12-26T04:23:26.139Z",
      "lastPushDirHash": "FPEl5zWNf4rrMq1d9B5dB5f7kFE="
    }
  },
  "auth": {
    "kingsroomauth": {
      "customAuth": false,
      "dependsOn": [],
      "frontendAuthConfig": {
        "mfaConfiguration": "OPTIONAL",
        "mfaTypes": [
          "SMS",
          "TOTP"
        ],
        "passwordProtectionSettings": {
          "passwordPolicyMinLength": 8,
          "passwordPolicyCharacters": []
        },
        "signupAttributes": [
          "EMAIL"
        ],
        "socialProviders": [],
        "usernameAttributes": [
          "EMAIL"
        ],
        "verificationMechanisms": [
          "EMAIL"
        ]
      },
      "providerPlugin": "awscloudformation",
      "service": "Cognito",
      "providerMetadata": {
        "s3TemplateURL": "https://s3.amazonaws.com/amplify-kingsroom-staging-47186-deployment/amplify-cfn-templates/auth/kingsroomauth-cloudformation-template.json",
        "logicalId": "authkingsroomauth"
      },
      "lastPushTimeStamp": "2025-12-26T04:23:26.142Z",
      "output": {
        "CreatedSNSRole": "arn:aws:iam::495599763953:role/sns877cd8a247186-staging",
        "UserPoolId": "ap-southeast-2_h3mOeHrCQ",
        "AppClientIDWeb": "7rfq631ta70a5i17dc4n4tljjv",
        "AppClientID": "4iakh4jtq0ecc3eg1k9iav4hud",
        "IdentityPoolId": "ap-southeast-2:ff0d8cf1-b077-440e-a1e2-8788a80fa24d",
        "UserPoolArn": "arn:aws:cognito-idp:ap-southeast-2:495599763953:userpool/ap-southeast-2_h3mOeHrCQ",
        "IdentityPoolName": "kingsroom877cd8a2_identitypool_877cd8a2__staging",
        "UserPoolName": "kingsroom877cd8a2_userpool_877cd8a2"
      },
      "lastPushDirHash": "bgxmMF9OQLVFNFK0mSiQHQcBKw4="
    }
  },
  "function": {
    "autoScraper": {
      "build": true,
      "dependsOn": [
        {
          "attributes": [
            "GraphQLAPIIdOutput",
            "GraphQLAPIEndpointOutput"
          ],
          "category": "api",
          "resourceName": "kingsroom"
        },
        {
          "attributes": [
            "Name"
          ],
          "category": "function",
          "resourceName": "getModelCount"
        },
        {
          "attributes": [
            "Name"
          ],
          "category": "function",
          "resourceName": "playerDataProcessor"
        },
        {
          "attributes": [
            "Name"
          ],
          "category": "function",
          "resourceName": "webScraperFunction"
        }
      ],
      "providerPlugin": "awscloudformation",
      "service": "Lambda",
      "lastBuildTimeStamp": "2025-12-24T12:59:03.992Z",
      "lastBuildType": "PROD",
      "lastPackageTimeStamp": "2025-12-24T12:59:04.143Z",
      "distZipFilename": "autoScraper-34473461537179755563-build.zip",
      "s3Bucket": {
        "deploymentBucketName": "amplify-kingsroom-staging-47186-deployment",
        "s3Key": "amplify-builds/autoScraper-34473461537179755563-build.zip"
      },
      "providerMetadata": {
        "s3TemplateURL": "https://s3.amazonaws.com/amplify-kingsroom-staging-47186-deployment/amplify-cfn-templates/function/autoScraper-cloudformation-template.json",
        "logicalId": "functionautoScraper"
      },
      "lastPushTimeStamp": "2025-12-26T04:23:26.144Z",
      "output": {
        "LambdaExecutionRoleArn": "arn:aws:iam::495599763953:role/kingsroomLambdaRolea17fa191-staging",
        "Region": "ap-southeast-2",
        "Arn": "arn:aws:lambda:ap-southeast-2:495599763953:function:autoScraper-staging",
        "Name": "autoScraper-staging",
        "LambdaExecutionRole": "kingsroomLambdaRolea17fa191-staging"
      },
      "lastPushDirHash": "o9G0/NTOu+qfYZ1ln7liTcqeD4A="
    },
    "entityVenueDashMetricCounter": {
      "build": true,
      "dependsOn": [
        {
          "attributes": [
            "GraphQLAPIIdOutput",
            "GraphQLAPIEndpointOutput",
            "GraphQLAPIKeyOutput"
          ],
          "category": "api",
          "resourceName": "kingsroom"
        }
      ],
      "providerPlugin": "awscloudformation",
      "service": "Lambda",
      "lastBuildTimeStamp": "2025-12-24T08:49:56.998Z",
      "lastBuildType": "PROD",
      "lastPackageTimeStamp": "2025-12-24T08:50:00.233Z",
      "distZipFilename": "entityVenueDashMetricCounter-695950566b6c317a5438-build.zip",
      "s3Bucket": {
        "deploymentBucketName": "amplify-kingsroom-staging-47186-deployment",
        "s3Key": "amplify-builds/entityVenueDashMetricCounter-695950566b6c317a5438-build.zip"
      },
      "providerMetadata": {
        "s3TemplateURL": "https://s3.amazonaws.com/amplify-kingsroom-staging-47186-deployment/amplify-cfn-templates/function/entityVenueDashMetricCounter-cloudformation-template.json",
        "logicalId": "functionentityVenueDashMetricCounter"
      },
      "lastPushTimeStamp": "2025-12-26T04:23:26.146Z",
      "output": {
        "LambdaExecutionRoleArn": "arn:aws:iam::495599763953:role/kingsroomLambdaRoledeb8fbab-staging",
        "Region": "ap-southeast-2",
        "Arn": "arn:aws:lambda:ap-southeast-2:495599763953:function:entityVenueDashMetricCounter-staging",
        "Name": "entityVenueDashMetricCounter-staging",
        "LambdaExecutionRole": "kingsroomLambdaRoledeb8fbab-staging"
      },
      "lastPushDirHash": "dkF+/7tIHRwHNPYQdiRseB2Yxg4="
    },
    "gameDataEnricher": {
      "build": true,
      "dependsOn": [
        {
          "attributes": [
            "GraphQLAPIIdOutput",
            "GraphQLAPIEndpointOutput",
            "GraphQLAPIKeyOutput"
          ],
          "category": "api",
          "resourceName": "kingsroom"
        }
      ],
      "providerPlugin": "awscloudformation",
      "service": "Lambda",
      "lastBuildTimeStamp": "2025-12-25T06:38:19.588Z",
      "lastBuildType": "PROD",
      "lastPackageTimeStamp": "2025-12-25T06:38:19.749Z",
      "distZipFilename": "gameDataEnricher-5661797730494e663431-build.zip",
      "s3Bucket": {
        "deploymentBucketName": "amplify-kingsroom-staging-47186-deployment",
        "s3Key": "amplify-builds/gameDataEnricher-5661797730494e663431-build.zip"
      },
      "providerMetadata": {
        "s3TemplateURL": "https://s3.amazonaws.com/amplify-kingsroom-staging-47186-deployment/amplify-cfn-templates/function/gameDataEnricher-cloudformation-template.json",
        "logicalId": "functiongameDataEnricher"
      },
      "lastPushTimeStamp": "2025-12-26T04:23:26.147Z",
      "output": {
        "LambdaExecutionRoleArn": "arn:aws:iam::495599763953:role/kingsroomLambdaRole781a0cd9-staging",
        "Region": "ap-southeast-2",
        "Arn": "arn:aws:lambda:ap-southeast-2:495599763953:function:gameDataEnricher-staging",
        "Name": "gameDataEnricher-staging",
        "LambdaExecutionRole": "kingsroomLambdaRole781a0cd9-staging"
      },
      "lastPushDirHash": "AcD+tp677Kjosn47kov/c4yP/IQ="
    },
    "gameFinancialsProcessor": {
      "build": true,
      "dependsOn": [
        {
          "attributes": [
            "GraphQLAPIIdOutput",
            "GraphQLAPIEndpointOutput",
            "GraphQLAPIKeyOutput"
          ],
          "category": "api",
          "resourceName": "kingsroom"
        }
      ],
      "providerPlugin": "awscloudformation",
      "service": "Lambda",
      "lastBuildTimeStamp": "2025-12-24T08:50:05.015Z",
      "lastBuildType": "PROD",
      "lastPackageTimeStamp": "2025-12-24T08:50:07.634Z",
      "distZipFilename": "gameFinancialsProcessor-5a516c66706261544e46-build.zip",
      "s3Bucket": {
        "deploymentBucketName": "amplify-kingsroom-staging-47186-deployment",
        "s3Key": "amplify-builds/gameFinancialsProcessor-5a516c66706261544e46-build.zip"
      },
      "providerMetadata": {
        "s3TemplateURL": "https://s3.amazonaws.com/amplify-kingsroom-staging-47186-deployment/amplify-cfn-templates/function/gameFinancialsProcessor-cloudformation-template.json",
        "logicalId": "functiongameFinancialsProcessor"
      },
      "lastPushTimeStamp": "2025-12-26T04:23:26.149Z",
      "output": {
        "LambdaExecutionRoleArn": "arn:aws:iam::495599763953:role/kingsroomLambdaRole4287d337-staging",
        "Region": "ap-southeast-2",
        "Arn": "arn:aws:lambda:ap-southeast-2:495599763953:function:gameFinancialsProcessor-staging",
        "Name": "gameFinancialsProcessor-staging",
        "LambdaExecutionRole": "kingsroomLambdaRole4287d337-staging"
      },
      "lastPushDirHash": "UoV1oKtN1uTtWGOM8Br4nmzSfh0="
    },
    "gameIdTracker": {
      "build": true,
      "dependsOn": [
        {
          "attributes": [
            "GraphQLAPIIdOutput",
            "GraphQLAPIEndpointOutput"
          ],
          "category": "api",
          "resourceName": "kingsroom"
        }
      ],
      "providerPlugin": "awscloudformation",
      "service": "Lambda",
      "lastBuildTimeStamp": "2025-12-24T08:50:10.060Z",
      "lastBuildType": "PROD",
      "lastPackageTimeStamp": "2025-12-24T08:50:10.073Z",
      "distZipFilename": "gameIdTracker-6a6853317a59746a7839-build.zip",
      "s3Bucket": {
        "deploymentBucketName": "amplify-kingsroom-staging-47186-deployment",
        "s3Key": "amplify-builds/gameIdTracker-6a6853317a59746a7839-build.zip"
      },
      "providerMetadata": {
        "s3TemplateURL": "https://s3.amazonaws.com/amplify-kingsroom-staging-47186-deployment/amplify-cfn-templates/function/gameIdTracker-cloudformation-template.json",
        "logicalId": "functiongameIdTracker"
      },
      "lastPushTimeStamp": "2025-12-26T04:23:26.150Z",
      "output": {
        "LambdaExecutionRoleArn": "arn:aws:iam::495599763953:role/kingsroomLambdaRoledd4b6620-staging",
        "Region": "ap-southeast-2",
        "Arn": "arn:aws:lambda:ap-southeast-2:495599763953:function:gameIdTracker-staging",
        "Name": "gameIdTracker-staging",
        "LambdaExecutionRole": "kingsroomLambdaRoledd4b6620-staging"
      },
      "lastPushDirHash": "+WcS05qPwSSC4jNIFSLPJlTkf2k="
    },
    "getModelCount": {
      "build": true,
      "dependsOn": [
        {
          "attributes": [
            "GraphQLAPIIdOutput"
          ],
          "category": "api",
          "resourceName": "kingsroom"
        }
      ],
      "providerPlugin": "awscloudformation",
      "service": "Lambda",
      "lastBuildTimeStamp": "2025-12-24T08:50:10.447Z",
      "lastBuildType": "PROD",
      "lastPackageTimeStamp": "2025-12-24T08:50:10.470Z",
      "distZipFilename": "getModelCount-335335363468662f4d48-build.zip",
      "s3Bucket": {
        "deploymentBucketName": "amplify-kingsroom-staging-47186-deployment",
        "s3Key": "amplify-builds/getModelCount-335335363468662f4d48-build.zip"
      },
      "providerMetadata": {
        "s3TemplateURL": "https://s3.amazonaws.com/amplify-kingsroom-staging-47186-deployment/amplify-cfn-templates/function/getModelCount-cloudformation-template.json",
        "logicalId": "functiongetModelCount"
      },
      "lastPushTimeStamp": "2025-12-26T04:23:26.152Z",
      "output": {
        "LambdaExecutionRoleArn": "arn:aws:iam::495599763953:role/kingsroomLambdaRoled0b47e2e-staging",
        "Region": "ap-southeast-2",
        "Arn": "arn:aws:lambda:ap-southeast-2:495599763953:function:getModelCount-staging",
        "Name": "getModelCount-staging",
        "LambdaExecutionRole": "kingsroomLambdaRoled0b47e2e-staging"
      },
      "lastPushDirHash": "BZt7sP2RcMQWIZzCj0QRnVTa41k="
    },
    "getUserMetrics": {
      "build": true,
      "dependsOn": [
        {
          "attributes": [
            "GraphQLAPIIdOutput",
            "GraphQLAPIEndpointOutput"
          ],
          "category": "api",
          "resourceName": "kingsroom"
        },
        {
          "attributes": [
            "UserPoolId"
          ],
          "category": "auth",
          "resourceName": "kingsroomauth"
        }
      ],
      "providerPlugin": "awscloudformation",
      "service": "Lambda",
      "lastBuildTimeStamp": "2025-12-24T08:50:11.054Z",
      "lastBuildType": "PROD",
      "lastPackageTimeStamp": "2025-12-24T08:50:11.069Z",
      "distZipFilename": "getUserMetrics-775a4f3556334879617a-build.zip",
      "s3Bucket": {
        "deploymentBucketName": "amplify-kingsroom-staging-47186-deployment",
        "s3Key": "amplify-builds/getUserMetrics-775a4f3556334879617a-build.zip"
      },
      "providerMetadata": {
        "s3TemplateURL": "https://s3.amazonaws.com/amplify-kingsroom-staging-47186-deployment/amplify-cfn-templates/function/getUserMetrics-cloudformation-template.json",
        "logicalId": "functiongetUserMetrics"
      },
      "lastPushTimeStamp": "2025-12-26T04:23:26.154Z",
      "output": {
        "LambdaExecutionRoleArn": "arn:aws:iam::495599763953:role/kingsroomLambdaRole7b624c8e-staging",
        "Region": "ap-southeast-2",
        "Arn": "arn:aws:lambda:ap-southeast-2:495599763953:function:getUserMetrics-staging",
        "Name": "getUserMetrics-staging",
        "LambdaExecutionRole": "kingsroomLambdaRole7b624c8e-staging"
      },
      "lastPushDirHash": "kAVfJCjLPHvAs4uTsTI2d3SwWPc="
    },
    "playerDataProcessor": {
      "build": true,
      "dependsOn": [
        {
          "attributes": [
            "GraphQLAPIIdOutput",
            "GraphQLAPIEndpointOutput"
          ],
          "category": "api",
          "resourceName": "kingsroom"
        }
      ],
      "providerPlugin": "awscloudformation",
      "service": "Lambda",
      "lastBuildTimeStamp": "2025-12-24T08:50:11.699Z",
      "lastBuildType": "PROD",
      "lastPackageTimeStamp": "2025-12-24T08:50:11.751Z",
      "distZipFilename": "playerDataProcessor-74583378755071447771-build.zip",
      "s3Bucket": {
        "deploymentBucketName": "amplify-kingsroom-staging-47186-deployment",
        "s3Key": "amplify-builds/playerDataProcessor-74583378755071447771-build.zip"
      },
      "providerMetadata": {
        "s3TemplateURL": "https://s3.amazonaws.com/amplify-kingsroom-staging-47186-deployment/amplify-cfn-templates/function/playerDataProcessor-cloudformation-template.json",
        "logicalId": "functionplayerDataProcessor"
      },
      "lastPushTimeStamp": "2025-12-26T04:23:26.156Z",
      "output": {
        "LambdaExecutionRoleArn": "arn:aws:iam::495599763953:role/kingsroomLambdaRolebebcd6c0-staging",
        "Region": "ap-southeast-2",
        "Arn": "arn:aws:lambda:ap-southeast-2:495599763953:function:playerDataProcessor-staging",
        "Name": "playerDataProcessor-staging",
        "LambdaExecutionRole": "kingsroomLambdaRolebebcd6c0-staging"
      },
      "lastPushDirHash": "3jG3Ttw362FIv05FAePS84l6KJI="
    },
    "publishClientMetrics": {
      "build": true,
      "dependsOn": [
        {
          "attributes": [
            "GraphQLAPIIdOutput",
            "GraphQLAPIEndpointOutput"
          ],
          "category": "api",
          "resourceName": "kingsroom"
        },
        {
          "attributes": [
            "UserPoolId"
          ],
          "category": "auth",
          "resourceName": "kingsroomauth"
        }
      ],
      "providerPlugin": "awscloudformation",
      "service": "Lambda",
      "lastBuildTimeStamp": "2025-12-24T08:50:12.582Z",
      "lastBuildType": "PROD",
      "lastPackageTimeStamp": "2025-12-24T08:50:14.633Z",
      "distZipFilename": "publishClientMetrics-7a357377375945514c50-build.zip",
      "s3Bucket": {
        "deploymentBucketName": "amplify-kingsroom-staging-47186-deployment",
        "s3Key": "amplify-builds/publishClientMetrics-7a357377375945514c50-build.zip"
      },
      "providerMetadata": {
        "s3TemplateURL": "https://s3.amazonaws.com/amplify-kingsroom-staging-47186-deployment/amplify-cfn-templates/function/publishClientMetrics-cloudformation-template.json",
        "logicalId": "functionpublishClientMetrics"
      },
      "lastPushTimeStamp": "2025-12-26T04:23:26.158Z",
      "output": {
        "LambdaExecutionRoleArn": "arn:aws:iam::495599763953:role/kingsroomLambdaRole05d9a49f-staging",
        "Region": "ap-southeast-2",
        "Arn": "arn:aws:lambda:ap-southeast-2:495599763953:function:publishClientMetrics-staging",
        "Name": "publishClientMetrics-staging",
        "LambdaExecutionRole": "kingsroomLambdaRole05d9a49f-staging"
      },
      "lastPushDirHash": "D5UyJ83fAK5PijWIUJlIb1GDVqw="
    },
    "recurringGameStreamTrigger": {
      "build": true,
      "dependsOn": [
        {
          "attributes": [
            "GraphQLAPIIdOutput",
            "GraphQLAPIEndpointOutput",
            "GraphQLAPIKeyOutput"
          ],
          "category": "api",
          "resourceName": "kingsroom"
        }
      ],
      "providerPlugin": "awscloudformation",
      "service": "Lambda",
      "lastBuildTimeStamp": "2025-12-24T08:50:17.400Z",
      "lastBuildType": "PROD",
      "lastPackageTimeStamp": "2025-12-24T08:50:17.413Z",
      "distZipFilename": "recurringGameStreamTrigger-4e565651584578554d30-build.zip",
      "s3Bucket": {
        "deploymentBucketName": "amplify-kingsroom-staging-47186-deployment",
        "s3Key": "amplify-builds/recurringGameStreamTrigger-4e565651584578554d30-build.zip"
      },
      "providerMetadata": {
        "s3TemplateURL": "https://s3.amazonaws.com/amplify-kingsroom-staging-47186-deployment/amplify-cfn-templates/function/recurringGameStreamTrigger-cloudformation-template.json",
        "logicalId": "functionrecurringGameStreamTrigger"
      },
      "lastPushTimeStamp": "2025-12-26T04:23:26.160Z",
      "output": {
        "LambdaExecutionRoleArn": "arn:aws:iam::495599763953:role/kingsroomLambdaRole3c98b000-staging",
        "Region": "ap-southeast-2",
        "Arn": "arn:aws:lambda:ap-southeast-2:495599763953:function:recurringGameStreamTrigger-staging",
        "Name": "recurringGameStreamTrigger-staging",
        "LambdaExecutionRole": "kingsroomLambdaRole3c98b000-staging"
      },
      "lastPushDirHash": "2blJIUIYOD73Gp5rOoIU8QVgYe0="
    },
    "s3ManagementFunction": {
      "build": true,
      "dependsOn": [
        {
          "attributes": [
            "GraphQLAPIIdOutput",
            "GraphQLAPIEndpointOutput"
          ],
          "category": "api",
          "resourceName": "kingsroom"
        }
      ],
      "providerPlugin": "awscloudformation",
      "service": "Lambda",
      "lastBuildTimeStamp": "2025-12-24T08:50:18.301Z",
      "lastBuildType": "PROD",
      "lastPackageTimeStamp": "2025-12-24T08:50:20.925Z",
      "distZipFilename": "s3ManagementFunction-70493644377468576e46-build.zip",
      "s3Bucket": {
        "deploymentBucketName": "amplify-kingsroom-staging-47186-deployment",
        "s3Key": "amplify-builds/s3ManagementFunction-70493644377468576e46-build.zip"
      },
      "providerMetadata": {
        "s3TemplateURL": "https://s3.amazonaws.com/amplify-kingsroom-staging-47186-deployment/amplify-cfn-templates/function/s3ManagementFunction-cloudformation-template.json",
        "logicalId": "functions3ManagementFunction"
      },
      "lastPushTimeStamp": "2025-12-26T04:23:26.161Z",
      "output": {
        "LambdaExecutionRoleArn": "arn:aws:iam::495599763953:role/kingsroomLambdaRolea5b3af66-staging",
        "Region": "ap-southeast-2",
        "Arn": "arn:aws:lambda:ap-southeast-2:495599763953:function:s3ManagementFunction-staging",
        "Name": "s3ManagementFunction-staging",
        "LambdaExecutionRole": "kingsroomLambdaRolea5b3af66-staging"
      },
      "lastPushDirHash": "8/7/HoSn8/mcQWvQDgcbUjX/XrY="
    },
    "saveGameFunction": {
      "build": true,
      "dependsOn": [
        {
          "attributes": [
            "GraphQLAPIIdOutput",
            "GraphQLAPIEndpointOutput"
          ],
          "category": "api",
          "resourceName": "kingsroom"
        }
      ],
      "providerPlugin": "awscloudformation",
      "service": "Lambda",
      "lastBuildTimeStamp": "2025-12-24T09:34:51.975Z",
      "lastBuildType": "PROD",
      "lastPackageTimeStamp": "2025-12-24T09:34:52.100Z",
      "distZipFilename": "saveGameFunction-766e3069523863456c67-build.zip",
      "s3Bucket": {
        "deploymentBucketName": "amplify-kingsroom-staging-47186-deployment",
        "s3Key": "amplify-builds/saveGameFunction-766e3069523863456c67-build.zip"
      },
      "providerMetadata": {
        "s3TemplateURL": "https://s3.amazonaws.com/amplify-kingsroom-staging-47186-deployment/amplify-cfn-templates/function/saveGameFunction-cloudformation-template.json",
        "logicalId": "functionsaveGameFunction"
      },
      "lastPushTimeStamp": "2025-12-26T04:23:26.163Z",
      "output": {
        "LambdaExecutionRoleArn": "arn:aws:iam::495599763953:role/kingsroomLambdaRolee2e04b85-staging",
        "Region": "ap-southeast-2",
        "Arn": "arn:aws:lambda:ap-southeast-2:495599763953:function:saveGameFunction-staging",
        "Name": "saveGameFunction-staging",
        "LambdaExecutionRole": "kingsroomLambdaRolee2e04b85-staging"
      },
      "lastPushDirHash": "X0Pnvd1IoZZWzml9/nq3gejQQBc="
    },
    "scrapeURLQuery": {
      "build": true,
      "dependsOn": [
        {
          "attributes": [
            "GraphQLAPIIdOutput",
            "GraphQLAPIEndpointOutput",
            "GraphQLAPIKeyOutput"
          ],
          "category": "api",
          "resourceName": "kingsroom"
        }
      ],
      "providerPlugin": "awscloudformation",
      "service": "Lambda",
      "lastBuildTimeStamp": "2025-12-24T08:50:25.158Z",
      "lastBuildType": "PROD",
      "lastPackageTimeStamp": "2025-12-24T08:50:25.167Z",
      "distZipFilename": "scrapeURLQuery-4565444b354b6b62705a-build.zip",
      "s3Bucket": {
        "deploymentBucketName": "amplify-kingsroom-staging-47186-deployment",
        "s3Key": "amplify-builds/scrapeURLQuery-4565444b354b6b62705a-build.zip"
      },
      "providerMetadata": {
        "s3TemplateURL": "https://s3.amazonaws.com/amplify-kingsroom-staging-47186-deployment/amplify-cfn-templates/function/scrapeURLQuery-cloudformation-template.json",
        "logicalId": "functionscrapeURLQuery"
      },
      "lastPushTimeStamp": "2025-12-26T04:23:26.164Z",
      "output": {
        "LambdaExecutionRoleArn": "arn:aws:iam::495599763953:role/kingsroomLambdaRole9c29031a-staging",
        "Region": "ap-southeast-2",
        "Arn": "arn:aws:lambda:ap-southeast-2:495599763953:function:scrapeURLQuery-staging",
        "Name": "scrapeURLQuery-staging",
        "LambdaExecutionRole": "kingsroomLambdaRole9c29031a-staging"
      },
      "lastPushDirHash": "iLMoG1gAcak57bEUCEEsOrAffa8="
    },
    "scraperJobQuery": {
      "build": true,
      "dependsOn": [
        {
          "attributes": [
            "GraphQLAPIIdOutput",
            "GraphQLAPIEndpointOutput",
            "GraphQLAPIKeyOutput"
          ],
          "category": "api",
          "resourceName": "kingsroom"
        }
      ],
      "providerPlugin": "awscloudformation",
      "service": "Lambda",
      "lastBuildTimeStamp": "2025-12-24T08:50:25.454Z",
      "lastBuildType": "PROD",
      "lastPackageTimeStamp": "2025-12-24T08:50:25.464Z",
      "distZipFilename": "scraperJobQuery-43376869682f2b77734c-build.zip",
      "s3Bucket": {
        "deploymentBucketName": "amplify-kingsroom-staging-47186-deployment",
        "s3Key": "amplify-builds/scraperJobQuery-43376869682f2b77734c-build.zip"
      },
      "providerMetadata": {
        "s3TemplateURL": "https://s3.amazonaws.com/amplify-kingsroom-staging-47186-deployment/amplify-cfn-templates/function/scraperJobQuery-cloudformation-template.json",
        "logicalId": "functionscraperJobQuery"
      },
      "lastPushTimeStamp": "2025-12-26T04:23:26.166Z",
      "output": {
        "LambdaExecutionRoleArn": "arn:aws:iam::495599763953:role/kingsroomLambdaRole12e41681-staging",
        "Region": "ap-southeast-2",
        "Arn": "arn:aws:lambda:ap-southeast-2:495599763953:function:scraperJobQuery-staging",
        "Name": "scraperJobQuery-staging",
        "LambdaExecutionRole": "kingsroomLambdaRole12e41681-staging"
      },
      "lastPushDirHash": "RO7VpazDUmjtB2zx/ChoxIHET1U="
    },
    "scraperManagement": {
      "build": true,
      "dependsOn": [
        {
          "attributes": [
            "GraphQLAPIIdOutput",
            "GraphQLAPIEndpointOutput"
          ],
          "category": "api",
          "resourceName": "kingsroom"
        },
        {
          "attributes": [
            "Name"
          ],
          "category": "function",
          "resourceName": "autoScraper"
        },
        {
          "attributes": [
            "Name"
          ],
          "category": "function",
          "resourceName": "webScraperFunction"
        }
      ],
      "providerPlugin": "awscloudformation",
      "service": "Lambda",
      "lastBuildTimeStamp": "2025-12-24T09:34:52.761Z",
      "lastBuildType": "PROD",
      "lastPackageTimeStamp": "2025-12-24T09:34:52.829Z",
      "distZipFilename": "scraperManagement-6658565152444747666b-build.zip",
      "s3Bucket": {
        "deploymentBucketName": "amplify-kingsroom-staging-47186-deployment",
        "s3Key": "amplify-builds/scraperManagement-6658565152444747666b-build.zip"
      },
      "providerMetadata": {
        "s3TemplateURL": "https://s3.amazonaws.com/amplify-kingsroom-staging-47186-deployment/amplify-cfn-templates/function/scraperManagement-cloudformation-template.json",
        "logicalId": "functionscraperManagement"
      },
      "lastPushTimeStamp": "2025-12-26T04:23:26.167Z",
      "output": {
        "LambdaExecutionRoleArn": "arn:aws:iam::495599763953:role/kingsroomLambdaRole039355fa-staging",
        "Region": "ap-southeast-2",
        "CloudWatchEventRule": "amplify-kingsroom-staging-47186-fun-CloudWatchEvent-aObkB8NRwn9R",
        "Arn": "arn:aws:lambda:ap-southeast-2:495599763953:function:scraperManagement-staging",
        "Name": "scraperManagement-staging",
        "LambdaExecutionRole": "kingsroomLambdaRole039355fa-staging"
      },
      "lastPushDirHash": "di6JcMXBEdjiXm3WNLQf40O7eCE="
    },
    "socialFetcher": {
      "build": true,
      "dependsOn": [
        {
          "attributes": [
            "GraphQLAPIIdOutput"
          ],
          "category": "api",
          "resourceName": "kingsroom"
        }
      ],
      "providerPlugin": "awscloudformation",
      "service": "Lambda",
      "lastBuildTimeStamp": "2025-12-26T04:20:35.688Z",
      "lastBuildType": "PROD",
      "lastPackageTimeStamp": "2025-12-26T04:20:35.736Z",
      "distZipFilename": "socialFetcher-7a714a5a6769535a6c57-build.zip",
      "s3Bucket": {
        "deploymentBucketName": "amplify-kingsroom-staging-47186-deployment",
        "s3Key": "amplify-builds/socialFetcher-7a714a5a6769535a6c57-build.zip"
      },
      "providerMetadata": {
        "s3TemplateURL": "https://s3.amazonaws.com/amplify-kingsroom-staging-47186-deployment/amplify-cfn-templates/function/socialFetcher-cloudformation-template.json",
        "logicalId": "functionsocialFetcher"
      },
      "lastPushTimeStamp": "2025-12-26T04:23:26.908Z",
      "output": {
        "LambdaExecutionRoleArn": "arn:aws:iam::495599763953:role/kingsroomLambdaRole38f471a2-staging",
        "Region": "ap-southeast-2",
        "Arn": "arn:aws:lambda:ap-southeast-2:495599763953:function:socialFetcher-staging",
        "Name": "socialFetcher-staging",
        "LambdaExecutionRole": "kingsroomLambdaRole38f471a2-staging"
      },
      "lastPushDirHash": "8WxM15GN/mtLxpHcfHoVITqd4kI="
    },
    "tournamentConsolidator": {
      "build": true,
      "dependsOn": [
        {
          "attributes": [
            "GraphQLAPIIdOutput"
          ],
          "category": "api",
          "resourceName": "kingsroom"
        }
      ],
      "providerPlugin": "awscloudformation",
      "service": "Lambda",
      "lastBuildTimeStamp": "2025-12-24T08:50:27.234Z",
      "lastBuildType": "PROD",
      "lastPackageTimeStamp": "2025-12-24T08:50:29.522Z",
      "distZipFilename": "tournamentConsolidator-6a754533505454515a7a-build.zip",
      "s3Bucket": {
        "deploymentBucketName": "amplify-kingsroom-staging-47186-deployment",
        "s3Key": "amplify-builds/tournamentConsolidator-6a754533505454515a7a-build.zip"
      },
      "providerMetadata": {
        "s3TemplateURL": "https://s3.amazonaws.com/amplify-kingsroom-staging-47186-deployment/amplify-cfn-templates/function/tournamentConsolidator-cloudformation-template.json",
        "logicalId": "functiontournamentConsolidator"
      },
      "lastPushTimeStamp": "2025-12-26T04:23:26.170Z",
      "output": {
        "LambdaExecutionRoleArn": "arn:aws:iam::495599763953:role/kingsroomLambdaRole9c53f5b9-staging",
        "Region": "ap-southeast-2",
        "Arn": "arn:aws:lambda:ap-southeast-2:495599763953:function:tournamentConsolidator-staging",
        "Name": "tournamentConsolidator-staging",
        "LambdaExecutionRole": "kingsroomLambdaRole9c53f5b9-staging"
      },
      "lastPushDirHash": "O4Nr86t4RuXBRnKN7psFa3oYKec="
    },
    "userManagement": {
      "build": true,
      "dependsOn": [
        {
          "attributes": [
            "GraphQLAPIIdOutput",
            "GraphQLAPIEndpointOutput",
            "GraphQLAPIKeyOutput"
          ],
          "category": "api",
          "resourceName": "kingsroom"
        },
        {
          "attributes": [
            "UserPoolId"
          ],
          "category": "auth",
          "resourceName": "kingsroomauth"
        }
      ],
      "providerPlugin": "awscloudformation",
      "service": "Lambda",
      "lastBuildTimeStamp": "2025-12-24T08:50:32.856Z",
      "lastBuildType": "PROD",
      "lastPackageTimeStamp": "2025-12-24T08:50:32.896Z",
      "distZipFilename": "userManagement-6c65484b325672757074-build.zip",
      "s3Bucket": {
        "deploymentBucketName": "amplify-kingsroom-staging-47186-deployment",
        "s3Key": "amplify-builds/userManagement-6c65484b325672757074-build.zip"
      },
      "providerMetadata": {
        "s3TemplateURL": "https://s3.amazonaws.com/amplify-kingsroom-staging-47186-deployment/amplify-cfn-templates/function/userManagement-cloudformation-template.json",
        "logicalId": "functionuserManagement"
      },
      "lastPushTimeStamp": "2025-12-26T04:23:26.172Z",
      "output": {
        "LambdaExecutionRoleArn": "arn:aws:iam::495599763953:role/kingsroomLambdaRolec2af73ad-staging",
        "Region": "ap-southeast-2",
        "Arn": "arn:aws:lambda:ap-southeast-2:495599763953:function:userManagement-staging",
        "Name": "userManagement-staging",
        "LambdaExecutionRole": "kingsroomLambdaRolec2af73ad-staging"
      },
      "lastPushDirHash": "tLg0CwMUvrCG55suNAL7i9Vud+Q="
    },
    "venueAssignmentService": {
      "build": true,
      "dependsOn": [
        {
          "attributes": [
            "GraphQLAPIIdOutput",
            "GraphQLAPIEndpointOutput"
          ],
          "category": "api",
          "resourceName": "kingsroom"
        }
      ],
      "providerPlugin": "awscloudformation",
      "service": "Lambda",
      "lastBuildTimeStamp": "2025-12-24T08:50:33.625Z",
      "lastBuildType": "PROD",
      "lastPackageTimeStamp": "2025-12-24T08:50:33.661Z",
      "distZipFilename": "venueAssignmentService-374e595750545a673865-build.zip",
      "s3Bucket": {
        "deploymentBucketName": "amplify-kingsroom-staging-47186-deployment",
        "s3Key": "amplify-builds/venueAssignmentService-374e595750545a673865-build.zip"
      },
      "providerMetadata": {
        "s3TemplateURL": "https://s3.amazonaws.com/amplify-kingsroom-staging-47186-deployment/amplify-cfn-templates/function/venueAssignmentService-cloudformation-template.json",
        "logicalId": "functionvenueAssignmentService"
      },
      "lastPushTimeStamp": "2025-12-26T04:23:26.174Z",
      "output": {
        "LambdaExecutionRoleArn": "arn:aws:iam::495599763953:role/kingsroomLambdaRole9615d2c5-staging",
        "Region": "ap-southeast-2",
        "Arn": "arn:aws:lambda:ap-southeast-2:495599763953:function:venueAssignmentService-staging",
        "Name": "venueAssignmentService-staging",
        "LambdaExecutionRole": "kingsroomLambdaRole9615d2c5-staging"
      },
      "lastPushDirHash": "9LP+L+zcf3Oc7ZPowZOYmtQwrB8="
    },
    "venueDetailsUpdater": {
      "build": true,
      "dependsOn": [
        {
          "attributes": [
            "GraphQLAPIIdOutput",
            "GraphQLAPIEndpointOutput",
            "GraphQLAPIKeyOutput"
          ],
          "category": "api",
          "resourceName": "kingsroom"
        }
      ],
      "providerPlugin": "awscloudformation",
      "service": "Lambda",
      "lastBuildTimeStamp": "2025-12-24T08:50:34.490Z",
      "lastBuildType": "PROD",
      "lastPackageTimeStamp": "2025-12-24T08:50:36.990Z",
      "distZipFilename": "venueDetailsUpdater-45656a54497044664144-build.zip",
      "s3Bucket": {
        "deploymentBucketName": "amplify-kingsroom-staging-47186-deployment",
        "s3Key": "amplify-builds/venueDetailsUpdater-45656a54497044664144-build.zip"
      },
      "providerMetadata": {
        "s3TemplateURL": "https://s3.amazonaws.com/amplify-kingsroom-staging-47186-deployment/amplify-cfn-templates/function/venueDetailsUpdater-cloudformation-template.json",
        "logicalId": "functionvenueDetailsUpdater"
      },
      "lastPushTimeStamp": "2025-12-26T04:23:26.176Z",
      "output": {
        "LambdaExecutionRoleArn": "arn:aws:iam::495599763953:role/kingsroomLambdaRole664c244b-staging",
        "Region": "ap-southeast-2",
        "Arn": "arn:aws:lambda:ap-southeast-2:495599763953:function:venueDetailsUpdater-staging",
        "Name": "venueDetailsUpdater-staging",
        "LambdaExecutionRole": "kingsroomLambdaRole664c244b-staging"
      },
      "lastPushDirHash": "5kARcnOrv/mJ0Hxe1tM2g6AOyh4="
    },
    "webScraperFunction": {
      "build": true,
      "dependsOn": [
        {
          "attributes": [
            "GraphQLAPIIdOutput",
            "GraphQLAPIEndpointOutput"
          ],
          "category": "api",
          "resourceName": "kingsroom"
        }
      ],
      "providerPlugin": "awscloudformation",
      "service": "Lambda",
      "lastBuildTimeStamp": "2025-12-24T11:26:46.358Z",
      "lastBuildType": "PROD",
      "lastPackageTimeStamp": "2025-12-24T11:26:50.185Z",
      "distZipFilename": "webScraperFunction-4b6648486841344f6a36-build.zip",
      "s3Bucket": {
        "deploymentBucketName": "amplify-kingsroom-staging-47186-deployment",
        "s3Key": "amplify-builds/webScraperFunction-4b6648486841344f6a36-build.zip"
      },
      "providerMetadata": {
        "s3TemplateURL": "https://s3.amazonaws.com/amplify-kingsroom-staging-47186-deployment/amplify-cfn-templates/function/webScraperFunction-cloudformation-template.json",
        "logicalId": "functionwebScraperFunction"
      },
      "lastPushTimeStamp": "2025-12-26T04:23:26.177Z",
      "output": {
        "LambdaExecutionRoleArn": "arn:aws:iam::495599763953:role/kingsroomLambdaRole66e547c8-staging",
        "Region": "ap-southeast-2",
        "Arn": "arn:aws:lambda:ap-southeast-2:495599763953:function:webScraperFunction-staging",
        "Name": "webScraperFunction-staging",
        "LambdaExecutionRole": "kingsroomLambdaRole66e547c8-staging"
      },
      "lastPushDirHash": "o4Dax1jVgx6dmp0tT9R1MDv4ggs="
    },
    "userLastActiveUpdater": {
      "build": true,
      "providerPlugin": "awscloudformation",
      "service": "Lambda",
      "dependsOn": [
        {
          "category": "api",
          "resourceName": "kingsroom",
          "attributes": [
            "GraphQLAPIIdOutput",
            "GraphQLAPIEndpointOutput",
            "GraphQLAPIKeyOutput"
          ]
        }
      ],
      "lastPushTimeStamp": "2025-12-26T04:23:26.179Z",
      "lastBuildTimeStamp": "2025-12-24T08:50:50.070Z",
      "lastBuildType": "PROD",
      "lastPackageTimeStamp": "2025-12-24T08:50:52.011Z",
      "distZipFilename": "userLastActiveUpdater-314e5559393161414b79-build.zip",
      "s3Bucket": {
        "deploymentBucketName": "amplify-kingsroom-staging-47186-deployment",
        "s3Key": "amplify-builds/userLastActiveUpdater-314e5559393161414b79-build.zip"
      },
      "providerMetadata": {
        "s3TemplateURL": "https://s3.amazonaws.com/amplify-kingsroom-staging-47186-deployment/amplify-cfn-templates/function/userLastActiveUpdater-cloudformation-template.json",
        "logicalId": "functionuserLastActiveUpdater"
      },
      "output": {
        "LambdaExecutionRoleArn": "arn:aws:iam::495599763953:role/kingsroomLambdaRoled103a603-staging",
        "Region": "ap-southeast-2",
        "Arn": "arn:aws:lambda:ap-southeast-2:495599763953:function:userLastActiveUpdater-staging",
        "Name": "userLastActiveUpdater-staging",
        "LambdaExecutionRole": "kingsroomLambdaRoled103a603-staging"
      },
      "lastPushDirHash": "/0r0l0FYeyNK3bAF4lwxq4JoQSs="
    },
    "refreshAllMetrics": {
      "build": true,
      "providerPlugin": "awscloudformation",
      "service": "Lambda",
      "lastBuildTimeStamp": "2025-12-24T08:50:55.354Z",
      "lastBuildType": "PROD",
      "lastPackageTimeStamp": "2025-12-24T08:50:57.242Z",
      "distZipFilename": "refreshAllMetrics-4d5454344d362f4d744a-build.zip",
      "s3Bucket": {
        "deploymentBucketName": "amplify-kingsroom-staging-47186-deployment",
        "s3Key": "amplify-builds/refreshAllMetrics-4d5454344d362f4d744a-build.zip"
      },
      "providerMetadata": {
        "s3TemplateURL": "https://s3.amazonaws.com/amplify-kingsroom-staging-47186-deployment/amplify-cfn-templates/function/refreshAllMetrics-cloudformation-template.json",
        "logicalId": "functionrefreshAllMetrics"
      },
      "lastPushTimeStamp": "2025-12-26T04:23:26.180Z",
      "output": {
        "LambdaExecutionRoleArn": "arn:aws:iam::495599763953:role/kingsroomLambdaRoleb1886300-staging",
        "Region": "ap-southeast-2",
        "Arn": "arn:aws:lambda:ap-southeast-2:495599763953:function:refreshAllMetrics-staging",
        "Name": "refreshAllMetrics-staging",
        "LambdaExecutionRole": "kingsroomLambdaRoleb1886300-staging"
      },
      "lastPushDirHash": "Fj+ONS6EhWgavxFmJUd5/0puqIQ=",
      "dependsOn": [
        {
          "category": "api",
          "resourceName": "kingsroom",
          "attributes": [
            "GraphQLAPIIdOutput",
            "GraphQLAPIEndpointOutput",
            "GraphQLAPIKeyOutput"
          ]
        }
      ]
    },
    "getDatabaseMetrics": {
      "build": true,
      "providerPlugin": "awscloudformation",
      "service": "Lambda",
      "dependsOn": [],
      "lastBuildTimeStamp": "2025-12-24T09:17:14.147Z",
      "lastBuildType": "PROD",
      "lastPackageTimeStamp": "2025-12-24T09:17:14.161Z",
      "distZipFilename": "getDatabaseMetrics-7834342f713243346734-build.zip",
      "s3Bucket": {
        "deploymentBucketName": "amplify-kingsroom-staging-47186-deployment",
        "s3Key": "amplify-builds/getDatabaseMetrics-7834342f713243346734-build.zip"
      },
      "providerMetadata": {
        "s3TemplateURL": "https://s3.amazonaws.com/amplify-kingsroom-staging-47186-deployment/amplify-cfn-templates/function/getDatabaseMetrics-cloudformation-template.json",
        "logicalId": "functiongetDatabaseMetrics"
      },
      "lastPushTimeStamp": "2025-12-26T04:23:26.182Z",
      "output": {
        "LambdaExecutionRoleArn": "arn:aws:iam::495599763953:role/kingsroomLambdaRole191fc02f-staging",
        "Region": "ap-southeast-2",
        "Arn": "arn:aws:lambda:ap-southeast-2:495599763953:function:getDatabaseMetrics-staging",
        "Name": "getDatabaseMetrics-staging",
        "LambdaExecutionRole": "kingsroomLambdaRole191fc02f-staging"
      },
      "lastPushDirHash": "2O8qQNRqindXTHZF9S4+i34jDkw="
    }
  }
}