{
  "api": {
    "kingsroom": {
      "dependsOn": [
        {
          "attributes": [
            "UserPoolId"
          ],
          "category": "auth",
          "resourceName": "kingsroomauth"
        }
      ],
      "output": {
        "authConfig": {
          "additionalAuthenticationProviders": [
            {
              "apiKeyConfig": {
                "apiKeyExpirationDate": "2026-11-30T19:02:34.381Z",
                "apiKeyExpirationDays": 365,
                "description": "KingsRoom-Guest"
              },
              "authenticationType": "API_KEY"
            }
          ],
          "defaultAuthentication": {
            "authenticationType": "AMAZON_COGNITO_USER_POOLS",
            "userPoolConfig": {
              "userPoolId": "authkingsroomauth"
            }
          }
        }
      },
      "providerPlugin": "awscloudformation",
      "service": "AppSync"
    }
  },
  "auth": {
    "kingsroomauth": {
      "customAuth": false,
      "dependsOn": [],
      "frontendAuthConfig": {
        "mfaConfiguration": "OPTIONAL",
        "mfaTypes": [
          "SMS",
          "TOTP"
        ],
        "passwordProtectionSettings": {
          "passwordPolicyCharacters": [],
          "passwordPolicyMinLength": 8
        },
        "signupAttributes": [
          "EMAIL"
        ],
        "socialProviders": [],
        "usernameAttributes": [
          "EMAIL"
        ],
        "verificationMechanisms": [
          "EMAIL"
        ]
      },
      "providerPlugin": "awscloudformation",
      "service": "Cognito"
    }
  },
  "function": {
    "autoScraper": {
      "build": true,
      "dependsOn": [
        {
          "attributes": [
            "GraphQLAPIIdOutput",
            "GraphQLAPIEndpointOutput"
          ],
          "category": "api",
          "resourceName": "kingsroom"
        },
        {
          "attributes": [
            "Name"
          ],
          "category": "function",
          "resourceName": "getModelCount"
        },
        {
          "attributes": [
            "Name"
          ],
          "category": "function",
          "resourceName": "playerDataProcessor"
        },
        {
          "attributes": [
            "Name"
          ],
          "category": "function",
          "resourceName": "webScraperFunction"
        }
      ],
      "providerPlugin": "awscloudformation",
      "service": "Lambda"
    },
    "entityVenueDashMetricCounter": {
      "build": true,
      "dependsOn": [
        {
          "attributes": [
            "GraphQLAPIIdOutput",
            "GraphQLAPIEndpointOutput",
            "GraphQLAPIKeyOutput"
          ],
          "category": "api",
          "resourceName": "kingsroom"
        }
      ],
      "providerPlugin": "awscloudformation",
      "service": "Lambda"
    },
    "gameDataEnricher": {
      "build": true,
      "dependsOn": [
        {
          "attributes": [
            "GraphQLAPIIdOutput",
            "GraphQLAPIEndpointOutput",
            "GraphQLAPIKeyOutput"
          ],
          "category": "api",
          "resourceName": "kingsroom"
        }
      ],
      "providerPlugin": "awscloudformation",
      "service": "Lambda"
    },
    "gameFinancialsProcessor": {
      "build": true,
      "dependsOn": [
        {
          "attributes": [
            "GraphQLAPIIdOutput",
            "GraphQLAPIEndpointOutput",
            "GraphQLAPIKeyOutput"
          ],
          "category": "api",
          "resourceName": "kingsroom"
        }
      ],
      "providerPlugin": "awscloudformation",
      "service": "Lambda"
    },
    "gameIdTracker": {
      "build": true,
      "dependsOn": [
        {
          "attributes": [
            "GraphQLAPIIdOutput",
            "GraphQLAPIEndpointOutput"
          ],
          "category": "api",
          "resourceName": "kingsroom"
        }
      ],
      "providerPlugin": "awscloudformation",
      "service": "Lambda"
    },
    "getDatabaseMetrics": {
      "build": true,
      "dependsOn": [],
      "providerPlugin": "awscloudformation",
      "service": "Lambda"
    },
    "getModelCount": {
      "build": true,
      "dependsOn": [
        {
          "attributes": [
            "GraphQLAPIIdOutput"
          ],
          "category": "api",
          "resourceName": "kingsroom"
        }
      ],
      "providerPlugin": "awscloudformation",
      "service": "Lambda"
    },
    "getUserMetrics": {
      "build": true,
      "dependsOn": [
        {
          "attributes": [
            "GraphQLAPIIdOutput",
            "GraphQLAPIEndpointOutput"
          ],
          "category": "api",
          "resourceName": "kingsroom"
        },
        {
          "attributes": [
            "UserPoolId"
          ],
          "category": "auth",
          "resourceName": "kingsroomauth"
        }
      ],
      "providerPlugin": "awscloudformation",
      "service": "Lambda"
    },
    "playerDataProcessor": {
      "build": true,
      "dependsOn": [
        {
          "attributes": [
            "GraphQLAPIIdOutput",
            "GraphQLAPIEndpointOutput"
          ],
          "category": "api",
          "resourceName": "kingsroom"
        }
      ],
      "providerPlugin": "awscloudformation",
      "service": "Lambda"
    },
    "publishClientMetrics": {
      "build": true,
      "dependsOn": [
        {
          "attributes": [
            "GraphQLAPIIdOutput",
            "GraphQLAPIEndpointOutput"
          ],
          "category": "api",
          "resourceName": "kingsroom"
        },
        {
          "attributes": [
            "UserPoolId"
          ],
          "category": "auth",
          "resourceName": "kingsroomauth"
        }
      ],
      "providerPlugin": "awscloudformation",
      "service": "Lambda"
    },
    "recurringGameStreamTrigger": {
      "build": true,
      "dependsOn": [
        {
          "attributes": [
            "GraphQLAPIIdOutput",
            "GraphQLAPIEndpointOutput",
            "GraphQLAPIKeyOutput"
          ],
          "category": "api",
          "resourceName": "kingsroom"
        }
      ],
      "providerPlugin": "awscloudformation",
      "service": "Lambda"
    },
    "refreshAllMetrics": {
      "build": true,
      "dependsOn": [
        {
          "attributes": [
            "GraphQLAPIIdOutput",
            "GraphQLAPIEndpointOutput",
            "GraphQLAPIKeyOutput"
          ],
          "category": "api",
          "resourceName": "kingsroom"
        }
      ],
      "providerPlugin": "awscloudformation",
      "service": "Lambda"
    },
    "s3ManagementFunction": {
      "build": true,
      "dependsOn": [
        {
          "attributes": [
            "GraphQLAPIIdOutput",
            "GraphQLAPIEndpointOutput"
          ],
          "category": "api",
          "resourceName": "kingsroom"
        }
      ],
      "providerPlugin": "awscloudformation",
      "service": "Lambda"
    },
    "saveGameFunction": {
      "build": true,
      "dependsOn": [
        {
          "attributes": [
            "GraphQLAPIIdOutput",
            "GraphQLAPIEndpointOutput"
          ],
          "category": "api",
          "resourceName": "kingsroom"
        }
      ],
      "providerPlugin": "awscloudformation",
      "service": "Lambda"
    },
    "scrapeURLQuery": {
      "build": true,
      "dependsOn": [
        {
          "attributes": [
            "GraphQLAPIIdOutput",
            "GraphQLAPIEndpointOutput",
            "GraphQLAPIKeyOutput"
          ],
          "category": "api",
          "resourceName": "kingsroom"
        }
      ],
      "providerPlugin": "awscloudformation",
      "service": "Lambda"
    },
    "scraperJobQuery": {
      "build": true,
      "dependsOn": [
        {
          "attributes": [
            "GraphQLAPIIdOutput",
            "GraphQLAPIEndpointOutput",
            "GraphQLAPIKeyOutput"
          ],
          "category": "api",
          "resourceName": "kingsroom"
        }
      ],
      "providerPlugin": "awscloudformation",
      "service": "Lambda"
    },
    "scraperManagement": {
      "build": true,
      "dependsOn": [
        {
          "attributes": [
            "GraphQLAPIIdOutput",
            "GraphQLAPIEndpointOutput"
          ],
          "category": "api",
          "resourceName": "kingsroom"
        },
        {
          "attributes": [
            "Name"
          ],
          "category": "function",
          "resourceName": "autoScraper"
        },
        {
          "attributes": [
            "Name"
          ],
          "category": "function",
          "resourceName": "webScraperFunction"
        }
      ],
      "providerPlugin": "awscloudformation",
      "service": "Lambda"
    },
    "socialFetcher": {
      "build": true,
      "dependsOn": [
        {
          "attributes": [
            "GraphQLAPIIdOutput"
          ],
          "category": "api",
          "resourceName": "kingsroom"
        }
      ],
      "providerPlugin": "awscloudformation",
      "service": "Lambda"
    },
    "tournamentConsolidator": {
      "build": true,
      "dependsOn": [
        {
          "attributes": [
            "GraphQLAPIIdOutput"
          ],
          "category": "api",
          "resourceName": "kingsroom"
        }
      ],
      "providerPlugin": "awscloudformation",
      "service": "Lambda"
    },
    "userLastActiveUpdater": {
      "build": true,
      "dependsOn": [
        {
          "attributes": [
            "GraphQLAPIIdOutput",
            "GraphQLAPIEndpointOutput",
            "GraphQLAPIKeyOutput"
          ],
          "category": "api",
          "resourceName": "kingsroom"
        }
      ],
      "providerPlugin": "awscloudformation",
      "service": "Lambda"
    },
    "userManagement": {
      "build": true,
      "dependsOn": [
        {
          "attributes": [
            "GraphQLAPIIdOutput",
            "GraphQLAPIEndpointOutput",
            "GraphQLAPIKeyOutput"
          ],
          "category": "api",
          "resourceName": "kingsroom"
        },
        {
          "attributes": [
            "UserPoolId"
          ],
          "category": "auth",
          "resourceName": "kingsroomauth"
        }
      ],
      "providerPlugin": "awscloudformation",
      "service": "Lambda"
    },
    "venueAssignmentService": {
      "build": true,
      "dependsOn": [
        {
          "attributes": [
            "GraphQLAPIIdOutput",
            "GraphQLAPIEndpointOutput"
          ],
          "category": "api",
          "resourceName": "kingsroom"
        }
      ],
      "providerPlugin": "awscloudformation",
      "service": "Lambda"
    },
    "venueDetailsUpdater": {
      "build": true,
      "dependsOn": [
        {
          "attributes": [
            "GraphQLAPIIdOutput",
            "GraphQLAPIEndpointOutput",
            "GraphQLAPIKeyOutput"
          ],
          "category": "api",
          "resourceName": "kingsroom"
        }
      ],
      "providerPlugin": "awscloudformation",
      "service": "Lambda"
    },
    "webScraperFunction": {
      "build": true,
      "dependsOn": [
        {
          "attributes": [
            "GraphQLAPIIdOutput",
            "GraphQLAPIEndpointOutput"
          ],
          "category": "api",
          "resourceName": "kingsroom"
        }
      ],
      "providerPlugin": "awscloudformation",
      "service": "Lambda"
    }
  },
  "parameters": {
    "AMPLIFY_function_autoScraper_deploymentBucketName": {
      "usedBy": [
        {
          "category": "function",
          "resourceName": "autoScraper"
        }
      ]
    },
    "AMPLIFY_function_autoScraper_s3Key": {
      "usedBy": [
        {
          "category": "function",
          "resourceName": "autoScraper"
        }
      ]
    },
    "AMPLIFY_function_entityVenueDashMetricCounter_deploymentBucketName": {
      "usedBy": [
        {
          "category": "function",
          "resourceName": "entityVenueDashMetricCounter"
        }
      ]
    },
    "AMPLIFY_function_entityVenueDashMetricCounter_s3Key": {
      "usedBy": [
        {
          "category": "function",
          "resourceName": "entityVenueDashMetricCounter"
        }
      ]
    },
    "AMPLIFY_function_gameDataEnricher_deploymentBucketName": {
      "usedBy": [
        {
          "category": "function",
          "resourceName": "gameDataEnricher"
        }
      ]
    },
    "AMPLIFY_function_gameDataEnricher_s3Key": {
      "usedBy": [
        {
          "category": "function",
          "resourceName": "gameDataEnricher"
        }
      ]
    },
    "AMPLIFY_function_gameFinancialsProcessor_deploymentBucketName": {
      "usedBy": [
        {
          "category": "function",
          "resourceName": "gameFinancialsProcessor"
        }
      ]
    },
    "AMPLIFY_function_gameFinancialsProcessor_s3Key": {
      "usedBy": [
        {
          "category": "function",
          "resourceName": "gameFinancialsProcessor"
        }
      ]
    },
    "AMPLIFY_function_gameIdTracker_deploymentBucketName": {
      "usedBy": [
        {
          "category": "function",
          "resourceName": "gameIdTracker"
        }
      ]
    },
    "AMPLIFY_function_gameIdTracker_s3Key": {
      "usedBy": [
        {
          "category": "function",
          "resourceName": "gameIdTracker"
        }
      ]
    },
    "AMPLIFY_function_getDatabaseMetrics_deploymentBucketName": {
      "usedBy": [
        {
          "category": "function",
          "resourceName": "getDatabaseMetrics"
        }
      ]
    },
    "AMPLIFY_function_getDatabaseMetrics_s3Key": {
      "usedBy": [
        {
          "category": "function",
          "resourceName": "getDatabaseMetrics"
        }
      ]
    },
    "AMPLIFY_function_getModelCount_deploymentBucketName": {
      "usedBy": [
        {
          "category": "function",
          "resourceName": "getModelCount"
        }
      ]
    },
    "AMPLIFY_function_getModelCount_s3Key": {
      "usedBy": [
        {
          "category": "function",
          "resourceName": "getModelCount"
        }
      ]
    },
    "AMPLIFY_function_getUserMetrics_deploymentBucketName": {
      "usedBy": [
        {
          "category": "function",
          "resourceName": "getUserMetrics"
        }
      ]
    },
    "AMPLIFY_function_getUserMetrics_s3Key": {
      "usedBy": [
        {
          "category": "function",
          "resourceName": "getUserMetrics"
        }
      ]
    },
    "AMPLIFY_function_playerDataProcessor_deploymentBucketName": {
      "usedBy": [
        {
          "category": "function",
          "resourceName": "playerDataProcessor"
        }
      ]
    },
    "AMPLIFY_function_playerDataProcessor_s3Key": {
      "usedBy": [
        {
          "category": "function",
          "resourceName": "playerDataProcessor"
        }
      ]
    },
    "AMPLIFY_function_publishClientMetrics_deploymentBucketName": {
      "usedBy": [
        {
          "category": "function",
          "resourceName": "publishClientMetrics"
        }
      ]
    },
    "AMPLIFY_function_publishClientMetrics_s3Key": {
      "usedBy": [
        {
          "category": "function",
          "resourceName": "publishClientMetrics"
        }
      ]
    },
    "AMPLIFY_function_recurringGameStreamTrigger_deploymentBucketName": {
      "usedBy": [
        {
          "category": "function",
          "resourceName": "recurringGameStreamTrigger"
        }
      ]
    },
    "AMPLIFY_function_recurringGameStreamTrigger_s3Key": {
      "usedBy": [
        {
          "category": "function",
          "resourceName": "recurringGameStreamTrigger"
        }
      ]
    },
    "AMPLIFY_function_refreshAllMetrics_deploymentBucketName": {
      "usedBy": [
        {
          "category": "function",
          "resourceName": "refreshAllMetrics"
        }
      ]
    },
    "AMPLIFY_function_refreshAllMetrics_s3Key": {
      "usedBy": [
        {
          "category": "function",
          "resourceName": "refreshAllMetrics"
        }
      ]
    },
    "AMPLIFY_function_s3ManagementFunction_deploymentBucketName": {
      "usedBy": [
        {
          "category": "function",
          "resourceName": "s3ManagementFunction"
        }
      ]
    },
    "AMPLIFY_function_s3ManagementFunction_s3Key": {
      "usedBy": [
        {
          "category": "function",
          "resourceName": "s3ManagementFunction"
        }
      ]
    },
    "AMPLIFY_function_saveGameFunction_deploymentBucketName": {
      "usedBy": [
        {
          "category": "function",
          "resourceName": "saveGameFunction"
        }
      ]
    },
    "AMPLIFY_function_saveGameFunction_playerProcessorQueueUrl": {
      "usedBy": [
        {
          "category": "function",
          "resourceName": "saveGameFunction"
        }
      ]
    },
    "AMPLIFY_function_saveGameFunction_s3Key": {
      "usedBy": [
        {
          "category": "function",
          "resourceName": "saveGameFunction"
        }
      ]
    },
    "AMPLIFY_function_scrapeURLQuery_deploymentBucketName": {
      "usedBy": [
        {
          "category": "function",
          "resourceName": "scrapeURLQuery"
        }
      ]
    },
    "AMPLIFY_function_scrapeURLQuery_s3Key": {
      "usedBy": [
        {
          "category": "function",
          "resourceName": "scrapeURLQuery"
        }
      ]
    },
    "AMPLIFY_function_scraperJobQuery_deploymentBucketName": {
      "usedBy": [
        {
          "category": "function",
          "resourceName": "scraperJobQuery"
        }
      ]
    },
    "AMPLIFY_function_scraperJobQuery_s3Key": {
      "usedBy": [
        {
          "category": "function",
          "resourceName": "scraperJobQuery"
        }
      ]
    },
    "AMPLIFY_function_scraperManagement_deploymentBucketName": {
      "usedBy": [
        {
          "category": "function",
          "resourceName": "scraperManagement"
        }
      ]
    },
    "AMPLIFY_function_scraperManagement_s3Key": {
      "usedBy": [
        {
          "category": "function",
          "resourceName": "scraperManagement"
        }
      ]
    },
    "AMPLIFY_function_socialFetcher_deploymentBucketName": {
      "usedBy": [
        {
          "category": "function",
          "resourceName": "socialFetcher"
        }
      ]
    },
    "AMPLIFY_function_socialFetcher_fbAccessToken": {
      "usedBy": [
        {
          "category": "function",
          "resourceName": "socialFetcher"
        }
      ]
    },
    "AMPLIFY_function_socialFetcher_s3Key": {
      "usedBy": [
        {
          "category": "function",
          "resourceName": "socialFetcher"
        }
      ]
    },
    "AMPLIFY_function_tournamentConsolidator_deploymentBucketName": {
      "usedBy": [
        {
          "category": "function",
          "resourceName": "tournamentConsolidator"
        }
      ]
    },
    "AMPLIFY_function_tournamentConsolidator_s3Key": {
      "usedBy": [
        {
          "category": "function",
          "resourceName": "tournamentConsolidator"
        }
      ]
    },
    "AMPLIFY_function_userLastActiveUpdater_deploymentBucketName": {
      "usedBy": [
        {
          "category": "function",
          "resourceName": "userLastActiveUpdater"
        }
      ]
    },
    "AMPLIFY_function_userLastActiveUpdater_s3Key": {
      "usedBy": [
        {
          "category": "function",
          "resourceName": "userLastActiveUpdater"
        }
      ]
    },
    "AMPLIFY_function_userManagement_auditLogTable": {
      "usedBy": [
        {
          "category": "function",
          "resourceName": "userManagement"
        }
      ]
    },
    "AMPLIFY_function_userManagement_deploymentBucketName": {
      "usedBy": [
        {
          "category": "function",
          "resourceName": "userManagement"
        }
      ]
    },
    "AMPLIFY_function_userManagement_s3Key": {
      "usedBy": [
        {
          "category": "function",
          "resourceName": "userManagement"
        }
      ]
    },
    "AMPLIFY_function_venueAssignmentService_deploymentBucketName": {
      "usedBy": [
        {
          "category": "function",
          "resourceName": "venueAssignmentService"
        }
      ]
    },
    "AMPLIFY_function_venueAssignmentService_s3Key": {
      "usedBy": [
        {
          "category": "function",
          "resourceName": "venueAssignmentService"
        }
      ]
    },
    "AMPLIFY_function_venueAssignmentService_venueReassignmentQueueUrl": {
      "usedBy": [
        {
          "category": "function",
          "resourceName": "venueAssignmentService"
        }
      ]
    },
    "AMPLIFY_function_venueDetailsUpdater_deploymentBucketName": {
      "usedBy": [
        {
          "category": "function",
          "resourceName": "venueDetailsUpdater"
        }
      ]
    },
    "AMPLIFY_function_venueDetailsUpdater_s3Key": {
      "usedBy": [
        {
          "category": "function",
          "resourceName": "venueDetailsUpdater"
        }
      ]
    },
    "AMPLIFY_function_webScraperFunction_deploymentBucketName": {
      "usedBy": [
        {
          "category": "function",
          "resourceName": "webScraperFunction"
        }
      ]
    },
    "AMPLIFY_function_webScraperFunction_playerProcessorQueueUrl": {
      "usedBy": [
        {
          "category": "function",
          "resourceName": "webScraperFunction"
        }
      ]
    },
    "AMPLIFY_function_webScraperFunction_s3Key": {
      "usedBy": [
        {
          "category": "function",
          "resourceName": "webScraperFunction"
        }
      ]
    },
    "AMPLIFY_function_webScraperFunction_saveGameFunctionName": {
      "usedBy": [
        {
          "category": "function",
          "resourceName": "webScraperFunction"
        }
      ]
    },
    "AMPLIFY_function_webScraperFunction_scraperS3Bucket": {
      "usedBy": [
        {
          "category": "function",
          "resourceName": "webScraperFunction"
        }
      ]
    }
  }
}